Species,Value,Date_col,Date_an,Sample_num,Time,Plant
Nitrate-Nitrogen,166.18,12/8/2020,12/11/2020,120820Z2,,
Ammonia-Nitrogen,1.234,12/8/2020,12/11/2020,120820Z2,,
Phosphorus,49.5,12/8/2020,12/11/2020,120820Z2,,
Potassium,234.22,12/8/2020,12/11/2020,120820Z2,,
Calcium,146.04,12/8/2020,12/11/2020,120820Z2,,
Magnesium,45.98,12/8/2020,12/11/2020,120820Z2,,
Sulfate,226.62,12/8/2020,12/11/2020,120820Z2,,
Boron,0.39,12/8/2020,12/11/2020,120820Z2,,
Zinc,0.48,12/8/2020,12/11/2020,120820Z2,,
Manganese,0.49,12/8/2020,12/11/2020,120820Z2,,
Iron,2.54,12/8/2020,12/11/2020,120820Z2,,
Copper,0.36,12/8/2020,12/11/2020,120820Z2,,
Molybdenum,0.1,12/8/2020,12/11/2020,120820Z2,,
pH,6.5,12/8/2020,12/11/2020,120820Z2,,
Conductivity,1.818,12/8/2020,12/11/2020,120820Z2,,
Nitrate-Nitrogen,181.13,12/8/2020,12/11/2020,120820Z5,,
Ammonia-Nitrogen,1.48,12/8/2020,12/11/2020,120820Z5,,
Phosphorus,48.38,12/8/2020,12/11/2020,120820Z5,,
Potassium,238.98,12/8/2020,12/11/2020,120820Z5,,
Calcium,150.46,12/8/2020,12/11/2020,120820Z5,,
Magnesium,44.97,12/8/2020,12/11/2020,120820Z5,,
Sulfate,222.12,12/8/2020,12/11/2020,120820Z5,,
Boron,0.39,12/8/2020,12/11/2020,120820Z5,,
Zinc,0.47,12/8/2020,12/11/2020,120820Z5,,
Manganese,0.47,12/8/2020,12/11/2020,120820Z5,,
Iron,2.51,12/8/2020,12/11/2020,120820Z5,,
Copper,0.36,12/8/2020,12/11/2020,120820Z5,,
Molybdenum,0.1,12/8/2020,12/11/2020,120820Z5,,
pH,6.5,12/8/2020,12/11/2020,120820Z5,,
Conductivity,1.858,12/8/2020,12/11/2020,120820Z5,,
Nitrate-Nitrogen,202.1,12/8/2020,12/11/2020,120820TP,,
Ammonia-Nitrogen,6.72,12/8/2020,12/11/2020,120820TP,,
Phosphorus,24.48,12/8/2020,12/11/2020,120820TP,,
Potassium,171.55,12/8/2020,12/11/2020,120820TP,,
Calcium,171.93,12/8/2020,12/11/2020,120820TP,,
Magnesium,46.58,12/8/2020,12/11/2020,120820TP,,
Sulfate,179.01,12/8/2020,12/11/2020,120820TP,,
Boron,0.43,12/8/2020,12/11/2020,120820TP,,
Zinc,0.27,12/8/2020,12/11/2020,120820TP,,
Manganese,0.6,12/8/2020,12/11/2020,120820TP,,
Iron,2,12/8/2020,12/11/2020,120820TP,,
Copper,0.47,12/8/2020,12/11/2020,120820TP,,
Molybdenum,0.21,12/8/2020,12/11/2020,120820TP,,
pH,6.4,12/8/2020,12/11/2020,120820TP,,
Conductivity,1.934,12/8/2020,12/11/2020,120820TP,,
Nitrate-Nitrogen,147.55,4/2/2021,4/6/2021,HNSr1,23,bibb
Ammonia-Nitrogen,0.01,4/2/2021,4/6/2021,HNSr1,23,bibb
Phosphorus,20.45,4/2/2021,4/6/2021,HNSr1,23,bibb
Potassium,0.04,4/2/2021,4/6/2021,HNSr1,23,bibb
Calcium,193.18,4/2/2021,4/6/2021,HNSr1,23,bibb
Magnesium,49.19,4/2/2021,4/6/2021,HNSr1,23,bibb
Sulfate,220.32,4/2/2021,4/6/2021,HNSr1,23,bibb
Boron,0.35,4/2/2021,4/6/2021,HNSr1,23,bibb
Zinc,0.01,4/2/2021,4/6/2021,HNSr1,23,bibb
Manganese,0.13,4/2/2021,4/6/2021,HNSr1,23,bibb
Iron,2.32,4/2/2021,4/6/2021,HNSr1,23,bibb
Copper,0.67,4/2/2021,4/6/2021,HNSr1,23,bibb
pH,6.6,4/2/2021,4/6/2021,HNSr1,23,bibb
Nitrate-Nitrogen,169.4,4/2/2021,4/6/2021,HNSr2,4,romaine
Ammonia-Nitrogen,13.67,4/2/2021,4/6/2021,HNSr2,4,romaine
Phosphorus,18.6,4/2/2021,4/6/2021,HNSr2,4,romaine
Potassium,110.32,4/2/2021,4/6/2021,HNSr2,4,romaine
Calcium,148.75,4/2/2021,4/6/2021,HNSr2,4,romaine
Magnesium,27.34,4/2/2021,4/6/2021,HNSr2,4,romaine
Sulfate,102.37,4/2/2021,4/6/2021,HNSr2,4,romaine
Boron,0.21,4/2/2021,4/6/2021,HNSr2,4,romaine
Zinc,0.01,4/2/2021,4/6/2021,HNSr2,4,romaine
Manganese,0.31,4/2/2021,4/6/2021,HNSr2,4,romaine
Iron,1.68,4/2/2021,4/6/2021,HNSr2,4,romaine
Copper,0.47,4/2/2021,4/6/2021,HNSr2,4,romaine
pH,6.2,4/2/2021,4/6/2021,HNSr2,4,romaine
Nitrate-Nitrogen,212.5,4/12/2021,4/13/2021,HNSr1,0,none
Ammonia-Nitrogen,6.92,4/12/2021,4/13/2021,HNSr1,0,none
Phosphorus,23.37,4/12/2021,4/13/2021,HNSr1,0,none
Potassium,117.55,4/12/2021,4/13/2021,HNSr1,0,none
Calcium,152.68,4/12/2021,4/13/2021,HNSr1,0,none
Magnesium,33.62,4/12/2021,4/13/2021,HNSr1,0,none
Sulfate,127.21,4/12/2021,4/13/2021,HNSr1,0,none
Boron,0.26,4/12/2021,4/13/2021,HNSr1,0,none
Zinc,0.01,4/12/2021,4/13/2021,HNSr1,0,none
Manganese,0.38,4/12/2021,4/13/2021,HNSr1,0,none
Iron,1.96,4/12/2021,4/13/2021,HNSr1,0,none
Copper,0.35,4/12/2021,4/13/2021,HNSr1,0,none
Molybdenum,0.08,4/12/2021,4/13/2021,HNSr1,0,none
pH,7.1,4/12/2021,4/13/2021,HNSr1,0,none
Nitrate-Nitrogen,221.43,4/12/2021,4/13/2021,HNSr2,11,romaine
Ammonia-Nitrogen,0.01,4/12/2021,4/13/2021,HNSr2,11,romaine
Phosphorus,32.98,4/12/2021,4/13/2021,HNSr2,11,romaine
Potassium,101.19,4/12/2021,4/13/2021,HNSr2,11,romaine
Calcium,159.73,4/12/2021,4/13/2021,HNSr2,11,romaine
Magnesium,30.37,4/12/2021,4/13/2021,HNSr2,11,romaine
Sulfate,109.35,4/12/2021,4/13/2021,HNSr2,11,romaine
Boron,0.22,4/12/2021,4/13/2021,HNSr2,11,romaine
Zinc,0.01,4/12/2021,4/13/2021,HNSr2,11,romaine
Manganese,0.2,4/12/2021,4/13/2021,HNSr2,11,romaine
Iron,1.77,4/12/2021,4/13/2021,HNSr2,11,romaine
Copper,0.51,4/12/2021,4/13/2021,HNSr2,11,romaine
Molybdenum,0.11,4/12/2021,4/13/2021,HNSr2,11,romaine
pH,6.2,4/12/2021,4/13/2021,HNSr2,11,romaine
Nitrate-Nitrogen,149.25,4/19/2021,4/21/2021,HNSr1,3,red_oakleaf
Ammonia-Nitrogen,0.01,4/19/2021,4/21/2021,HNSr1,3,red_oakleaf
Phosphorus,35.78,4/19/2021,4/21/2021,HNSr1,3,red_oakleaf
Potassium,143.29,4/19/2021,4/21/2021,HNSr1,3,red_oakleaf
Calcium,150.74,4/19/2021,4/21/2021,HNSr1,3,red_oakleaf
Magnesium,35.31,4/19/2021,4/21/2021,HNSr1,3,red_oakleaf
Sulfate,127.9,4/19/2021,4/21/2021,HNSr1,3,red_oakleaf
Boron,0.25,4/19/2021,4/21/2021,HNSr1,3,red_oakleaf
Zinc,0.01,4/19/2021,4/21/2021,HNSr1,3,red_oakleaf
Manganese,0.11,4/19/2021,4/21/2021,HNSr1,3,red_oakleaf
Iron,1.6,4/19/2021,4/21/2021,HNSr1,3,red_oakleaf
Copper,0.37,4/19/2021,4/21/2021,HNSr1,3,red_oakleaf
Molybdenum,0.05,4/19/2021,4/21/2021,HNSr1,3,red_oakleaf
pH,6.1,4/19/2021,4/21/2021,HNSr1,3,red_oakleaf
Nitrate-Nitrogen,156.73,4/19/2021,4/21/2021,HNSr2,18,romaine
Ammonia-Nitrogen,0.11,4/19/2021,4/21/2021,HNSr2,18,romaine
Phosphorus,27.74,4/19/2021,4/21/2021,HNSr2,18,romaine
Potassium,69.33,4/19/2021,4/21/2021,HNSr2,18,romaine
Calcium,187,4/19/2021,4/21/2021,HNSr2,18,romaine
Magnesium,37.54,4/19/2021,4/21/2021,HNSr2,18,romaine
Sulfate,134.94,4/19/2021,4/21/2021,HNSr2,18,romaine
Boron,0.27,4/19/2021,4/21/2021,HNSr2,18,romaine
Zinc,0.01,4/19/2021,4/21/2021,HNSr2,18,romaine
Manganese,0.17,4/19/2021,4/21/2021,HNSr2,18,romaine
Iron,2.24,4/19/2021,4/21/2021,HNSr2,18,romaine
Copper,0.62,4/19/2021,4/21/2021,HNSr2,18,romaine
Molybdenum,0.09,4/19/2021,4/21/2021,HNSr2,18,romaine
pH,6.3,4/19/2021,4/21/2021,HNSr2,18,romaine
Nitrate-Nitrogen,158.13,5/3/2021,5/5/2021,HNSr1,17,red_oakleaf
Ammonia-Nitrogen,0.06,5/3/2021,5/5/2021,HNSr1,17,red_oakleaf
Phosphorus,29.14,5/3/2021,5/5/2021,HNSr1,17,red_oakleaf
Potassium,25.39,5/3/2021,5/5/2021,HNSr1,17,red_oakleaf
Calcium,189.91,5/3/2021,5/5/2021,HNSr1,17,red_oakleaf
Magnesium,44.18,5/3/2021,5/5/2021,HNSr1,17,red_oakleaf
Sulfate,165.41,5/3/2021,5/5/2021,HNSr1,17,red_oakleaf
Boron,0.28,5/3/2021,5/5/2021,HNSr1,17,red_oakleaf
Zinc,0.12,5/3/2021,5/5/2021,HNSr1,17,red_oakleaf
Manganese,0.05,5/3/2021,5/5/2021,HNSr1,17,red_oakleaf
Iron,1.63,5/3/2021,5/5/2021,HNSr1,17,red_oakleaf
Copper,0.52,5/3/2021,5/5/2021,HNSr1,17,red_oakleaf
Molybdenum,0.08,5/3/2021,5/5/2021,HNSr1,17,red_oakleaf
pH,6.2,5/3/2021,5/5/2021,HNSr1,17,red_oakleaf
Nitrate-Nitrogen,161.15,5/3/2021,5/5/2021,HNSr2,7,crystal_lettuce
Ammonia-Nitrogen,6.51,5/3/2021,5/5/2021,HNSr2,7,crystal_lettuce
Phosphorus,27.01,5/3/2021,5/5/2021,HNSr2,7,crystal_lettuce
Potassium,126.74,5/3/2021,5/5/2021,HNSr2,7,crystal_lettuce
Calcium,163.76,5/3/2021,5/5/2021,HNSr2,7,crystal_lettuce
Magnesium,40.63,5/3/2021,5/5/2021,HNSr2,7,crystal_lettuce
Sulfate,149.14,5/3/2021,5/5/2021,HNSr2,7,crystal_lettuce
Boron,0.3,5/3/2021,5/5/2021,HNSr2,7,crystal_lettuce
Zinc,0.06,5/3/2021,5/5/2021,HNSr2,7,crystal_lettuce
Manganese,0.31,5/3/2021,5/5/2021,HNSr2,7,crystal_lettuce
Iron,1.72,5/3/2021,5/5/2021,HNSr2,7,crystal_lettuce
Copper,0.48,5/3/2021,5/5/2021,HNSr2,7,crystal_lettuce
Molybdenum,0.08,5/3/2021,5/5/2021,HNSr2,7,crystal_lettuce
pH,6,5/3/2021,5/5/2021,HNSr2,7,crystal_lettuce
Nitrate-Nitrogen,198.28,5/10/2021,5/14/2021,HNSr1,24,red_oakleaf
Ammonia-Nitrogen,0.06,5/10/2021,5/14/2021,HNSr1,24,red_oakleaf
Phosphorus,18.07,5/10/2021,5/14/2021,HNSr1,24,red_oakleaf
Potassium,35.03,5/10/2021,5/14/2021,HNSr1,24,red_oakleaf
Calcium,224.09,5/10/2021,5/14/2021,HNSr1,24,red_oakleaf
Magnesium,50.52,5/10/2021,5/14/2021,HNSr1,24,red_oakleaf
Sulfate,207.74,5/10/2021,5/14/2021,HNSr1,24,red_oakleaf
Boron,0.34,5/10/2021,5/14/2021,HNSr1,24,red_oakleaf
Zinc,0.67,5/10/2021,5/14/2021,HNSr1,24,red_oakleaf
Manganese,0.32,5/10/2021,5/14/2021,HNSr1,24,red_oakleaf
Iron,1.95,5/10/2021,5/14/2021,HNSr1,24,red_oakleaf
Copper,0.69,5/10/2021,5/14/2021,HNSr1,24,red_oakleaf
Molybdenum,0.1,5/10/2021,5/14/2021,HNSr1,24,red_oakleaf
pH,6,5/10/2021,5/14/2021,HNSr1,24,red_oakleaf
Nitrate-Nitrogen,198.28,5/10/2021,5/14/2021,HNSr2,14,crystal_lettuce
Ammonia-Nitrogen,0.06,5/10/2021,5/14/2021,HNSr2,14,crystal_lettuce
Phosphorus,23.25,5/10/2021,5/14/2021,HNSr2,14,crystal_lettuce
Potassium,110.18,5/10/2021,5/14/2021,HNSr2,14,crystal_lettuce
Calcium,177.25,5/10/2021,5/14/2021,HNSr2,14,crystal_lettuce
Magnesium,45.53,5/10/2021,5/14/2021,HNSr2,14,crystal_lettuce
Sulfate,159.48,5/10/2021,5/14/2021,HNSr2,14,crystal_lettuce
Boron,0.32,5/10/2021,5/14/2021,HNSr2,14,crystal_lettuce
Zinc,0.74,5/10/2021,5/14/2021,HNSr2,14,crystal_lettuce
Manganese,0.38,5/10/2021,5/14/2021,HNSr2,14,crystal_lettuce
Iron,1.87,5/10/2021,5/14/2021,HNSr2,14,crystal_lettuce
Copper,0.52,5/10/2021,5/14/2021,HNSr2,14,crystal_lettuce
Molybdenum,0.07,5/10/2021,5/14/2021,HNSr2,14,crystal_lettuce
pH,6.1,5/10/2021,5/14/2021,HNSr2,14,crystal_lettuce
Nitrate-Nitrogen,188.83,5/14/2021,5/14/2021,HNSr2,21,crystal_lettuce
Ammonia-Nitrogen,0.06,5/14/2021,5/14/2021,HNSr2,21,crystal_lettuce
Phosphorus,18.99,5/14/2021,5/14/2021,HNSr2,21,crystal_lettuce
Potassium,19.93,5/14/2021,5/14/2021,HNSr2,21,crystal_lettuce
Calcium,216.73,5/14/2021,5/14/2021,HNSr2,21,crystal_lettuce
Magnesium,57.84,5/14/2021,5/14/2021,HNSr2,21,crystal_lettuce
Sulfate,213.46,5/14/2021,5/14/2021,HNSr2,21,crystal_lettuce
Boron,0.39,5/14/2021,5/14/2021,HNSr2,21,crystal_lettuce
Zinc,1.01,5/14/2021,5/14/2021,HNSr2,21,crystal_lettuce
Manganese,0.46,5/14/2021,5/14/2021,HNSr2,21,crystal_lettuce
Iron,2.14,5/14/2021,5/14/2021,HNSr2,21,crystal_lettuce
Copper,0.73,5/14/2021,5/14/2021,HNSr2,21,crystal_lettuce
Molybdenum,0.1,5/14/2021,5/14/2021,HNSr2,21,crystal_lettuce
pH,6,5/14/2021,5/14/2021,HNSr2,21,crystal_lettuce
Nitrate-Nitrogen,134.3,5/14/2021,5/14/2021,HNSr3,1,romaine
Ammonia-Nitrogen,7.56,5/14/2021,5/14/2021,HNSr3,1,romaine
Phosphorus,26.46,5/14/2021,5/14/2021,HNSr3,1,romaine
Potassium,113.65,5/14/2021,5/14/2021,HNSr3,1,romaine
Calcium,140.2,5/14/2021,5/14/2021,HNSr3,1,romaine
Magnesium,39.27,5/14/2021,5/14/2021,HNSr3,1,romaine
Sulfate,139.88,5/14/2021,5/14/2021,HNSr3,1,romaine
Boron,0.29,5/14/2021,5/14/2021,HNSr3,1,romaine
Zinc,0.22,5/14/2021,5/14/2021,HNSr3,1,romaine
Manganese,0.61,5/14/2021,5/14/2021,HNSr3,1,romaine
Iron,1.61,5/14/2021,5/14/2021,HNSr3,1,romaine
Copper,0.34,5/14/2021,5/14/2021,HNSr3,1,romaine
Molybdenum,0.08,5/14/2021,5/14/2021,HNSr3,1,romaine
pH,6.2,5/14/2021,5/14/2021,HNSr3,1,romaine
Nitrate-Nitrogen,177.95,5/24/2021,5/25/2021,HNSr3,8,romaine
Ammonia-Nitrogen,3.23,5/24/2021,5/25/2021,HNSr3,8,romaine
Phosphorus,25.68,5/24/2021,5/25/2021,HNSr3,8,romaine
Potassium,138.03,5/24/2021,5/25/2021,HNSr3,8,romaine
Calcium,142.95,5/24/2021,5/25/2021,HNSr3,8,romaine
Magnesium,39.62,5/24/2021,5/25/2021,HNSr3,8,romaine
Sulfate,139.31,5/24/2021,5/25/2021,HNSr3,8,romaine
Boron,0.28,5/24/2021,5/25/2021,HNSr3,8,romaine
Zinc,0.03,5/24/2021,5/25/2021,HNSr3,8,romaine
Manganese,0.34,5/24/2021,5/25/2021,HNSr3,8,romaine
Iron,1.65,5/24/2021,5/25/2021,HNSr3,8,romaine
Copper,0.38,5/24/2021,5/25/2021,HNSr3,8,romaine
Molybdenum,0.09,5/24/2021,5/25/2021,HNSr3,8,romaine
pH,6,5/24/2021,5/25/2021,HNSr3,8,romaine
Nitrate-Nitrogen,163.23,6/1/2021,6/2/2021,HNSr1,4,romaine
Ammonia-Nitrogen,5.98,6/1/2021,6/2/2021,HNSr1,4,romaine
Phosphorus,29.75,6/1/2021,6/2/2021,HNSr1,4,romaine
Potassium,155.36,6/1/2021,6/2/2021,HNSr1,4,romaine
Calcium,156.53,6/1/2021,6/2/2021,HNSr1,4,romaine
Magnesium,43.72,6/1/2021,6/2/2021,HNSr1,4,romaine
Sulfate,158.25,6/1/2021,6/2/2021,HNSr1,4,romaine
Boron,0.33,6/1/2021,6/2/2021,HNSr1,4,romaine
Zinc,0.05,6/1/2021,6/2/2021,HNSr1,4,romaine
Manganese,0.29,6/1/2021,6/2/2021,HNSr1,4,romaine
Iron,1.43,6/1/2021,6/2/2021,HNSr1,4,romaine
Copper,0.43,6/1/2021,6/2/2021,HNSr1,4,romaine
Molybdenum,0.1,6/1/2021,6/2/2021,HNSr1,4,romaine
pH,6,6/1/2021,6/2/2021,HNSr1,4,romaine
Nitrate-Nitrogen,175,6/1/2021,6/2/2021,HNSr3,15,romaine
Ammonia-Nitrogen,0.01,6/1/2021,6/2/2021,HNSr3,15,romaine
Phosphorus,21.72,6/1/2021,6/2/2021,HNSr3,15,romaine
Potassium,141.2,6/1/2021,6/2/2021,HNSr3,15,romaine
Calcium,150.67,6/1/2021,6/2/2021,HNSr3,15,romaine
Magnesium,42.36,6/1/2021,6/2/2021,HNSr3,15,romaine
Sulfate,150.4,6/1/2021,6/2/2021,HNSr3,15,romaine
Boron,0.32,6/1/2021,6/2/2021,HNSr3,15,romaine
Zinc,0.26,6/1/2021,6/2/2021,HNSr3,15,romaine
Manganese,0.38,6/1/2021,6/2/2021,HNSr3,15,romaine
Iron,1.56,6/1/2021,6/2/2021,HNSr3,15,romaine
Copper,0.39,6/1/2021,6/2/2021,HNSr3,15,romaine
Molybdenum,0.08,6/1/2021,6/2/2021,HNSr3,15,romaine
pH,6.4,6/1/2021,6/2/2021,HNSr3,15,romaine
Nitrate-Nitrogen,186.48,6/7/2021,6/16/2021,HNSr1,11,romaine
Ammonia-Nitrogen,0.01,6/7/2021,6/16/2021,HNSr1,11,romaine
Phosphorus,26.49,6/7/2021,6/16/2021,HNSr1,11,romaine
Potassium,174.05,6/7/2021,6/16/2021,HNSr1,11,romaine
Calcium,177.32,6/7/2021,6/16/2021,HNSr1,11,romaine
Magnesium,50.35,6/7/2021,6/16/2021,HNSr1,11,romaine
Sulfate,180.48,6/7/2021,6/16/2021,HNSr1,11,romaine
Boron,0.33,6/7/2021,6/16/2021,HNSr1,11,romaine
Zinc,0.25,6/7/2021,6/16/2021,HNSr1,11,romaine
Manganese,0.36,6/7/2021,6/16/2021,HNSr1,11,romaine
Iron,1.56,6/7/2021,6/16/2021,HNSr1,11,romaine
Copper,0.53,6/7/2021,6/16/2021,HNSr1,11,romaine
Molybdenum,0.05,6/7/2021,6/16/2021,HNSr1,11,romaine
pH,6.1,6/7/2021,6/16/2021,HNSr1,11,romaine
Nitrate-Nitrogen,198.9,6/7/2021,6/16/2021,HNSr2,6,bibb
Ammonia-Nitrogen,4.03,6/7/2021,6/16/2021,HNSr2,6,bibb
Phosphorus,30.85,6/7/2021,6/16/2021,HNSr2,6,bibb
Potassium,178.82,6/7/2021,6/16/2021,HNSr2,6,bibb
Calcium,178.99,6/7/2021,6/16/2021,HNSr2,6,bibb
Magnesium,53.64,6/7/2021,6/16/2021,HNSr2,6,bibb
Sulfate,191.44,6/7/2021,6/16/2021,HNSr2,6,bibb
Boron,0.38,6/7/2021,6/16/2021,HNSr2,6,bibb
Zinc,0.32,6/7/2021,6/16/2021,HNSr2,6,bibb
Manganese,0.19,6/7/2021,6/16/2021,HNSr2,6,bibb
Iron,1.62,6/7/2021,6/16/2021,HNSr2,6,bibb
Copper,0.64,6/7/2021,6/16/2021,HNSr2,6,bibb
Molybdenum,0.07,6/7/2021,6/16/2021,HNSr2,6,bibb
pH,5.8,6/7/2021,6/16/2021,HNSr2,6,bibb
Nitrate-Nitrogen,204.43,6/7/2021,6/16/2021,HNSr3,22,romaine
Ammonia-Nitrogen,0.02,6/7/2021,6/16/2021,HNSr3,22,romaine
Phosphorus,17.44,6/7/2021,6/16/2021,HNSr3,22,romaine
Potassium,165.44,6/7/2021,6/16/2021,HNSr3,22,romaine
Calcium,184.08,6/7/2021,6/16/2021,HNSr3,22,romaine
Magnesium,53.97,6/7/2021,6/16/2021,HNSr3,22,romaine
Sulfate,198.96,6/7/2021,6/16/2021,HNSr3,22,romaine
Boron,0.36,6/7/2021,6/16/2021,HNSr3,22,romaine
Zinc,0.54,6/7/2021,6/16/2021,HNSr3,22,romaine
Manganese,0.36,6/7/2021,6/16/2021,HNSr3,22,romaine
Iron,1.97,6/7/2021,6/16/2021,HNSr3,22,romaine
Copper,0.58,6/7/2021,6/16/2021,HNSr3,22,romaine
Molybdenum,0.08,6/7/2021,6/16/2021,HNSr3,22,romaine
pH,6.1,6/7/2021,6/16/2021,HNSr3,22,romaine
Nitrate-Nitrogen,204.03,6/14/2021,6/16/2021,HNSr1,18,romaine
Ammonia-Nitrogen,0.07,6/14/2021,6/16/2021,HNSr1,18,romaine
Phosphorus,25.04,6/14/2021,6/16/2021,HNSr1,18,romaine
Potassium,87.39,6/14/2021,6/16/2021,HNSr1,18,romaine
Calcium,175.84,6/14/2021,6/16/2021,HNSr1,18,romaine
Magnesium,50.02,6/14/2021,6/16/2021,HNSr1,18,romaine
Sulfate,177.93,6/14/2021,6/16/2021,HNSr1,18,romaine
Boron,0.33,6/14/2021,6/16/2021,HNSr1,18,romaine
Zinc,0.31,6/14/2021,6/16/2021,HNSr1,18,romaine
Manganese,0.11,6/14/2021,6/16/2021,HNSr1,18,romaine
Iron,1.65,6/14/2021,6/16/2021,HNSr1,18,romaine
Copper,0.62,6/14/2021,6/16/2021,HNSr1,18,romaine
Molybdenum,0.06,6/14/2021,6/16/2021,HNSr1,18,romaine
pH,6.2,6/14/2021,6/16/2021,HNSr1,18,romaine
Nitrate-Nitrogen,159.48,6/14/2021,6/16/2021,HNSr2,13,butter
Ammonia-Nitrogen,0.06,6/14/2021,6/16/2021,HNSr2,13,butter
Phosphorus,34.11,6/14/2021,6/16/2021,HNSr2,13,butter
Potassium,123.86,6/14/2021,6/16/2021,HNSr2,13,butter
Calcium,165.12,6/14/2021,6/16/2021,HNSr2,13,butter
Magnesium,50.45,6/14/2021,6/16/2021,HNSr2,13,butter
Sulfate,180.99,6/14/2021,6/16/2021,HNSr2,13,butter
Boron,0.37,6/14/2021,6/16/2021,HNSr2,13,butter
Zinc,0.33,6/14/2021,6/16/2021,HNSr2,13,butter
Manganese,0.38,6/14/2021,6/16/2021,HNSr2,13,butter
Iron,1.62,6/14/2021,6/16/2021,HNSr2,13,butter
Copper,0.69,6/14/2021,6/16/2021,HNSr2,13,butter
Molybdenum,0.06,6/14/2021,6/16/2021,HNSr2,13,butter
pH,6.2,6/14/2021,6/16/2021,HNSr2,13,butter
Nitrate-Nitrogen,152.3,6/14/2021,6/16/2021,HNSr3,3,romaine
Ammonia-Nitrogen,7.81,6/14/2021,6/16/2021,HNSr3,3,romaine
Phosphorus,30.16,6/14/2021,6/16/2021,HNSr3,3,romaine
Potassium,124.9,6/14/2021,6/16/2021,HNSr3,3,romaine
Calcium,147.45,6/14/2021,6/16/2021,HNSr3,3,romaine
Magnesium,42.32,6/14/2021,6/16/2021,HNSr3,3,romaine
Sulfate,155.31,6/14/2021,6/16/2021,HNSr3,3,romaine
Boron,0.32,6/14/2021,6/16/2021,HNSr3,3,romaine
Zinc,0.29,6/14/2021,6/16/2021,HNSr3,3,romaine
Manganese,0.59,6/14/2021,6/16/2021,HNSr3,3,romaine
Iron,1.81,6/14/2021,6/16/2021,HNSr3,3,romaine
Copper,0.44,6/14/2021,6/16/2021,HNSr3,3,romaine
Molybdenum,0.06,6/14/2021,6/16/2021,HNSr3,3,romaine
pH,6.1,6/14/2021,6/16/2021,HNSr3,3,romaine
Nitrate-Nitrogen,173.08,6/18/2021,6/23/2021,HNSr2,21,bibb
Ammonia-Nitrogen,0.05,6/18/2021,6/23/2021,HNSr2,21,bibb
Phosphorus,28.61,6/18/2021,6/23/2021,HNSr2,21,bibb
Potassium,129.56,6/18/2021,6/23/2021,HNSr2,21,bibb
Calcium,161.92,6/18/2021,6/23/2021,HNSr2,21,bibb
Magnesium,50.24,6/18/2021,6/23/2021,HNSr2,21,bibb
Sulfate,182.57,6/18/2021,6/23/2021,HNSr2,21,bibb
Boron,0.37,6/18/2021,6/23/2021,HNSr2,21,bibb
Zinc,0.31,6/18/2021,6/23/2021,HNSr2,21,bibb
Manganese,0.01,6/18/2021,6/23/2021,HNSr2,21,bibb
Iron,1.65,6/18/2021,6/23/2021,HNSr2,21,bibb
Copper,0.71,6/18/2021,6/23/2021,HNSr2,21,bibb
Molybdenum,0.07,6/18/2021,6/23/2021,HNSr2,21,bibb
pH,6.5,6/18/2021,6/23/2021,HNSr2,21,bibb
Nitrate-Nitrogen,166.68,6/18/2021,6/23/2021,HNSr3,11,romaine
Ammonia-Nitrogen,0.15,6/18/2021,6/23/2021,HNSr3,11,romaine
Phosphorus,26.41,6/18/2021,6/23/2021,HNSr3,11,romaine
Potassium,135.15,6/18/2021,6/23/2021,HNSr3,11,romaine
Calcium,146.95,6/18/2021,6/23/2021,HNSr3,11,romaine
Magnesium,43.04,6/18/2021,6/23/2021,HNSr3,11,romaine
Sulfate,157.5,6/18/2021,6/23/2021,HNSr3,11,romaine
Boron,0.32,6/18/2021,6/23/2021,HNSr3,11,romaine
Zinc,0.27,6/18/2021,6/23/2021,HNSr3,11,romaine
Manganese,0.34,6/18/2021,6/23/2021,HNSr3,11,romaine
Iron,1.69,6/18/2021,6/23/2021,HNSr3,11,romaine
Copper,0.44,6/18/2021,6/23/2021,HNSr3,11,romaine
Molybdenum,0.06,6/18/2021,6/23/2021,HNSr3,11,romaine
pH,5.9,6/18/2021,6/23/2021,HNSr3,11,romaine
Nitrate-Nitrogen,174.28,6/24/2021,7/2/2021,HNSr1,2,romaine
Ammonia-Nitrogen,6.23,6/24/2021,7/2/2021,HNSr1,2,romaine
Phosphorus,32.6,6/24/2021,7/2/2021,HNSr1,2,romaine
Potassium,146.1,6/24/2021,7/2/2021,HNSr1,2,romaine
Calcium,139.2,6/24/2021,7/2/2021,HNSr1,2,romaine
Magnesium,38.91,6/24/2021,7/2/2021,HNSr1,2,romaine
Sulfate,138.83,6/24/2021,7/2/2021,HNSr1,2,romaine
Boron,0.34,6/24/2021,7/2/2021,HNSr1,2,romaine
Zinc,0.23,6/24/2021,7/2/2021,HNSr1,2,romaine
Manganese,0.16,6/24/2021,7/2/2021,HNSr1,2,romaine
Iron,1.81,6/24/2021,7/2/2021,HNSr1,2,romaine
Copper,0.35,6/24/2021,7/2/2021,HNSr1,2,romaine
Molybdenum,0.06,6/24/2021,7/2/2021,HNSr1,2,romaine
pH,6.1,6/24/2021,7/2/2021,HNSr1,2,romaine
Nitrate-Nitrogen,164.28,6/24/2021,7/2/2021,HNSr2,27,bibb
Ammonia-Nitrogen,0.05,6/24/2021,7/2/2021,HNSr2,27,bibb
Phosphorus,30.43,6/24/2021,7/2/2021,HNSr2,27,bibb
Potassium,133.2,6/24/2021,7/2/2021,HNSr2,27,bibb
Calcium,173.5,6/24/2021,7/2/2021,HNSr2,27,bibb
Magnesium,53.25,6/24/2021,7/2/2021,HNSr2,27,bibb
Sulfate,202.44,6/24/2021,7/2/2021,HNSr2,27,bibb
Boron,0.47,6/24/2021,7/2/2021,HNSr2,27,bibb
Zinc,0.31,6/24/2021,7/2/2021,HNSr2,27,bibb
Manganese,0.4,6/24/2021,7/2/2021,HNSr2,27,bibb
Iron,2.19,6/24/2021,7/2/2021,HNSr2,27,bibb
Copper,0.65,6/24/2021,7/2/2021,HNSr2,27,bibb
Molybdenum,0.09,6/24/2021,7/2/2021,HNSr2,27,bibb
pH,6.1,6/24/2021,7/2/2021,HNSr2,27,bibb
Nitrate-Nitrogen,188.58,6/24/2021,7/2/2021,HNSr3,18,romaine
Ammonia-Nitrogen,0.02,6/24/2021,7/2/2021,HNSr3,18,romaine
Phosphorus,39.22,6/24/2021,7/2/2021,HNSr3,18,romaine
Potassium,135.33,6/24/2021,7/2/2021,HNSr3,18,romaine
Calcium,167,6/24/2021,7/2/2021,HNSr3,18,romaine
Magnesium,47.84,6/24/2021,7/2/2021,HNSr3,18,romaine
Sulfate,181.5,6/24/2021,7/2/2021,HNSr3,18,romaine
Boron,0.37,6/24/2021,7/2/2021,HNSr3,18,romaine
Zinc,0.24,6/24/2021,7/2/2021,HNSr3,18,romaine
Manganese,0.18,6/24/2021,7/2/2021,HNSr3,18,romaine
Iron,2.19,6/24/2021,7/2/2021,HNSr3,18,romaine
Copper,0.46,6/24/2021,7/2/2021,HNSr3,18,romaine
Molybdenum,0.09,6/24/2021,7/2/2021,HNSr3,18,romaine
pH,5.8,6/24/2021,7/2/2021,HNSr3,18,romaine
Nitrate-Nitrogen,220,7/1/2021,7/6/2021,HNSr1,9,romaine
Ammonia-Nitrogen,0.4,7/1/2021,7/6/2021,HNSr1,9,romaine
Phosphorus,0.36,7/1/2021,7/6/2021,HNSr1,9,romaine
Potassium,173.42,7/1/2021,7/6/2021,HNSr1,9,romaine
Calcium,164.23,7/1/2021,7/6/2021,HNSr1,9,romaine
Magnesium,45.39,7/1/2021,7/6/2021,HNSr1,9,romaine
Sulfate,164.53,7/1/2021,7/6/2021,HNSr1,9,romaine
Boron,0.34,7/1/2021,7/6/2021,HNSr1,9,romaine
Zinc,0.01,7/1/2021,7/6/2021,HNSr1,9,romaine
Manganese,0.06,7/1/2021,7/6/2021,HNSr1,9,romaine
Iron,2.19,7/1/2021,7/6/2021,HNSr1,9,romaine
Copper,0.41,7/1/2021,7/6/2021,HNSr1,9,romaine
Molybdenum,0.04,7/1/2021,7/6/2021,HNSr1,9,romaine
pH,5.7,7/1/2021,7/6/2021,HNSr1,9,romaine
Nitrate-Nitrogen,215,7/1/2021,7/6/2021,HNSr3,25,romaine
Ammonia-Nitrogen,0.04,7/1/2021,7/6/2021,HNSr3,25,romaine
Phosphorus,0.56,7/1/2021,7/6/2021,HNSr3,25,romaine
Potassium,92.92,7/1/2021,7/6/2021,HNSr3,25,romaine
Calcium,216.41,7/1/2021,7/6/2021,HNSr3,25,romaine
Magnesium,61.15,7/1/2021,7/6/2021,HNSr3,25,romaine
Sulfate,238.21,7/1/2021,7/6/2021,HNSr3,25,romaine
Boron,0.45,7/1/2021,7/6/2021,HNSr3,25,romaine
Zinc,0.06,7/1/2021,7/6/2021,HNSr3,25,romaine
Manganese,0.13,7/1/2021,7/6/2021,HNSr3,25,romaine
Iron,2.78,7/1/2021,7/6/2021,HNSr3,25,romaine
Copper,0.62,7/1/2021,7/6/2021,HNSr3,25,romaine
Molybdenum,0.1,7/1/2021,7/6/2021,HNSr3,25,romaine
pH,6.2,7/1/2021,7/6/2021,HNSr3,25,romaine
Nitrate-Nitrogen,284.78,7/8/2021,7/26/2021,HNSr1,16,romaine
Ammonia-Nitrogen,0.07,7/8/2021,7/26/2021,HNSr1,16,romaine
Phosphorus,30.73,7/8/2021,7/26/2021,HNSr1,16,romaine
Potassium,124.81,7/8/2021,7/26/2021,HNSr1,16,romaine
Calcium,175.27,7/8/2021,7/26/2021,HNSr1,16,romaine
Magnesium,49.92,7/8/2021,7/26/2021,HNSr1,16,romaine
Sulfate,179.97,7/8/2021,7/26/2021,HNSr1,16,romaine
Boron,0.35,7/8/2021,7/26/2021,HNSr1,16,romaine
Zinc,0.26,7/8/2021,7/26/2021,HNSr1,16,romaine
Manganese,0.26,7/8/2021,7/26/2021,HNSr1,16,romaine
Iron,2.18,7/8/2021,7/26/2021,HNSr1,16,romaine
Copper,0.42,7/8/2021,7/26/2021,HNSr1,16,romaine
Molybdenum,0.07,7/8/2021,7/26/2021,HNSr1,16,romaine
pH,6,7/8/2021,7/26/2021,HNSr1,16,romaine
Nitrate-Nitrogen,232.6,7/8/2021,7/26/2021,HNSr3,3,romaine
Ammonia-Nitrogen,8.48,7/8/2021,7/26/2021,HNSr3,3,romaine
Phosphorus,39.01,7/8/2021,7/26/2021,HNSr3,3,romaine
Potassium,146.43,7/8/2021,7/26/2021,HNSr3,3,romaine
Calcium,163.87,7/8/2021,7/26/2021,HNSr3,3,romaine
Magnesium,45.22,7/8/2021,7/26/2021,HNSr3,3,romaine
Sulfate,164.78,7/8/2021,7/26/2021,HNSr3,3,romaine
Boron,0.33,7/8/2021,7/26/2021,HNSr3,3,romaine
Zinc,0.26,7/8/2021,7/26/2021,HNSr3,3,romaine
Manganese,0.01,7/8/2021,7/26/2021,HNSr3,3,romaine
Iron,1.97,7/8/2021,7/26/2021,HNSr3,3,romaine
Copper,0.31,7/8/2021,7/26/2021,HNSr3,3,romaine
Molybdenum,0.08,7/8/2021,7/26/2021,HNSr3,3,romaine
pH,5.8,7/8/2021,7/26/2021,HNSr3,3,romaine
Ammonia-Nitrogen,0.08,7/15/2021,7/26/2021,HNSr1,23,romaine
Boron,0.47,7/15/2021,7/26/2021,HNSr1,23,romaine
Calcium,222.34,7/15/2021,7/26/2021,HNSr1,23,romaine
Copper,0.59,7/15/2021,7/26/2021,HNSr1,23,romaine
Iron,3.01,7/15/2021,7/26/2021,HNSr1,23,romaine
Magnesium,64.95,7/15/2021,7/26/2021,HNSr1,23,romaine
Manganese,0.08,7/15/2021,7/26/2021,HNSr1,23,romaine
Molybdenum,0.09,7/15/2021,7/26/2021,HNSr1,23,romaine
Nitrate-Nitrogen,246.45,7/15/2021,7/26/2021,HNSr1,23,romaine
pH,6.1,7/15/2021,7/26/2021,HNSr1,23,romaine
Phosphorus,48.99,7/15/2021,7/26/2021,HNSr1,23,romaine
Potassium,72.39,7/15/2021,7/26/2021,HNSr1,23,romaine
Sulfate,231.92,7/15/2021,7/26/2021,HNSr1,23,romaine
Zinc,0.30,7/15/2021,7/26/2021,HNSr1,23,romaine
Ammonia-Nitrogen,7.24,7/15/2021,7/26/2021,HNSr2,4,bibb
Boron,0.35,7/15/2021,7/26/2021,HNSr2,4,bibb
Calcium,168.50,7/15/2021,7/26/2021,HNSr2,4,bibb
Copper,0.46,7/15/2021,7/26/2021,HNSr2,4,bibb
Iron,2.05,7/15/2021,7/26/2021,HNSr2,4,bibb
Magnesium,47.22,7/15/2021,7/26/2021,HNSr2,4,bibb
Manganese,0.07,7/15/2021,7/26/2021,HNSr2,4,bibb
Molybdenum,0.08,7/15/2021,7/26/2021,HNSr2,4,bibb
Nitrate-Nitrogen,186.18,7/15/2021,7/26/2021,HNSr2,4,bibb
pH,5.9,7/15/2021,7/26/2021,HNSr2,4,bibb
Phosphorus,40.93,7/15/2021,7/26/2021,HNSr2,4,bibb
Potassium,156.89,7/15/2021,7/26/2021,HNSr2,4,bibb
Sulfate,171.43,7/15/2021,7/26/2021,HNSr2,4,bibb
Zinc,0.23,7/15/2021,7/26/2021,HNSr2,4,bibb
Ammonia-Nitrogen,1.43,7/15/2021,7/26/2021,HNSr3,10,romaine
Boron,0.36,7/15/2021,7/26/2021,HNSr3,10,romaine
Calcium,172.72,7/15/2021,7/26/2021,HNSr3,10,romaine
Copper,0.36,7/15/2021,7/26/2021,HNSr3,10,romaine
Iron,2.20,7/15/2021,7/26/2021,HNSr3,10,romaine
Magnesium,47.82,7/15/2021,7/26/2021,HNSr3,10,romaine
Manganese,0.56,7/15/2021,7/26/2021,HNSr3,10,romaine
Molybdenum,0.07,7/15/2021,7/26/2021,HNSr3,10,romaine
Nitrate-Nitrogen,189.73,7/15/2021,7/26/2021,HNSr3,10,romaine
pH,6.0,7/15/2021,7/26/2021,HNSr3,10,romaine
Phosphorus,37.55,7/15/2021,7/26/2021,HNSr3,10,romaine
Potassium,134.37,7/15/2021,7/26/2021,HNSr3,10,romaine
Sulfate,169.30,7/15/2021,7/26/2021,HNSr3,10,romaine
Zinc,0.25,7/15/2021,7/26/2021,HNSr3,10,romaine
Ammonia-Nitrogen,0.09,7/22/2021,8/2/2021,HNSr2,11,bibb
Boron,0.37,7/22/2021,8/2/2021,HNSr2,11,bibb
Calcium,186.55,7/22/2021,8/2/2021,HNSr2,11,bibb
Copper,0.53,7/22/2021,8/2/2021,HNSr2,11,bibb
Iron,2.41,7/22/2021,8/2/2021,HNSr2,11,bibb
Magnesium,53.14,7/22/2021,8/2/2021,HNSr2,11,bibb
Manganese,0.59,7/22/2021,8/2/2021,HNSr2,11,bibb
Molybdenum,,7/22/2021,8/2/2021,HNSr2,11,bibb
Nitrate-Nitrogen,174.55,7/22/2021,8/2/2021,HNSr2,11,bibb
pH,6.0,7/22/2021,8/2/2021,HNSr2,11,bibb
Phosphorus,43.12,7/22/2021,8/2/2021,HNSr2,11,bibb
Potassium,140.21,7/22/2021,8/2/2021,HNSr2,11,bibb
Sulfate,193.75,7/22/2021,8/2/2021,HNSr2,11,bibb
Zinc,0.24,7/22/2021,8/2/2021,HNSr2,11,bibb
Ammonia-Nitrogen,1.58,7/22/2021,8/2/2021,HNSr3,17,romaine
Boron,0.41,7/22/2021,8/2/2021,HNSr3,17,romaine
Calcium,201.44,7/22/2021,8/2/2021,HNSr3,17,romaine
Copper,0.47,7/22/2021,8/2/2021,HNSr3,17,romaine
Iron,2.67,7/22/2021,8/2/2021,HNSr3,17,romaine
Magnesium,58.11,7/22/2021,8/2/2021,HNSr3,17,romaine
Manganese,0.46,7/22/2021,8/2/2021,HNSr3,17,romaine
Molybdenum,,7/22/2021,8/2/2021,HNSr3,17,romaine
Nitrate-Nitrogen,189.35,7/22/2021,8/2/2021,HNSr3,17,romaine
pH,6.4,7/22/2021,8/2/2021,HNSr3,17,romaine
Phosphorus,31.58,7/22/2021,8/2/2021,HNSr3,17,romaine
Potassium,78.25,7/22/2021,8/2/2021,HNSr3,17,romaine
Sulfate,209.96,7/22/2021,8/2/2021,HNSr3,17,romaine
Zinc,0.29,7/22/2021,8/2/2021,HNSr3,17,romaine
Ammonia-Nitrogen,5.86,7/29/2021,8/2/2021,HNSr1,4,romaine
Boron,0.22,7/29/2021,8/2/2021,HNSr1,4,romaine
Calcium,164.68,7/29/2021,8/2/2021,HNSr1,4,romaine
Copper,0.35,7/29/2021,8/2/2021,HNSr1,4,romaine
Iron,2.00,7/29/2021,8/2/2021,HNSr1,4,romaine
Magnesium,45.81,7/29/2021,8/2/2021,HNSr1,4,romaine
Manganese,0.05,7/29/2021,8/2/2021,HNSr1,4,romaine
Molybdenum,0.09,7/29/2021,8/2/2021,HNSr1,4,romaine
Nitrate-Nitrogen,183.43,7/29/2021,8/2/2021,HNSr1,4,romaine
pH,6.2,7/29/2021,8/2/2021,HNSr1,4,romaine
Phosphorus,39.97,7/29/2021,8/2/2021,HNSr1,4,romaine
Potassium,151.74,7/29/2021,8/2/2021,HNSr1,4,romaine
Sulfate,161.24,7/29/2021,8/2/2021,HNSr1,4,romaine
Zinc,0.26,7/29/2021,8/2/2021,HNSr1,4,romaine
Ammonia-Nitrogen,0.09,7/29/2021,8/2/2021,HNSr2,18,bibb
Boron,0.29,7/29/2021,8/2/2021,HNSr2,18,bibb
Calcium,206.29,7/29/2021,8/2/2021,HNSr2,18,bibb
Copper,0.62,7/29/2021,8/2/2021,HNSr2,18,bibb
Iron,2.61,7/29/2021,8/2/2021,HNSr2,18,bibb
Magnesium,60.42,7/29/2021,8/2/2021,HNSr2,18,bibb
Manganese,0.20,7/29/2021,8/2/2021,HNSr2,18,bibb
Molybdenum,0.11,7/29/2021,8/2/2021,HNSr2,18,bibb
Nitrate-Nitrogen,184.9,7/29/2021,8/2/2021,HNSr2,18,bibb
pH,6.6,7/29/2021,8/2/2021,HNSr2,18,bibb
Phosphorus,39.93,7/29/2021,8/2/2021,HNSr2,18,bibb
Potassium,89.19,7/29/2021,8/2/2021,HNSr2,18,bibb
Sulfate,225.27,7/29/2021,8/2/2021,HNSr2,18,bibb
Zinc,0.27,7/29/2021,8/2/2021,HNSr2,18,bibb
Ammonia-Nitrogen,0.09,7/29/2021,8/2/2021,HNSr3,24,romaine
Boron,0.33,7/29/2021,8/2/2021,HNSr3,24,romaine
Calcium,213.91,7/29/2021,8/2/2021,HNSr3,24,romaine
Copper,0.54,7/29/2021,8/2/2021,HNSr3,24,romaine
Iron,2.80,7/29/2021,8/2/2021,HNSr3,24,romaine
Magnesium,61.91,7/29/2021,8/2/2021,HNSr3,24,romaine
Manganese,0.05,7/29/2021,8/2/2021,HNSr3,24,romaine
Molybdenum,0.12,7/29/2021,8/2/2021,HNSr3,24,romaine
Nitrate-Nitrogen,186.40,7/29/2021,8/2/2021,HNSr3,24,romaine
pH,7.0,7/29/2021,8/2/2021,HNSr3,24,romaine
Phosphorus,27.12,7/29/2021,8/2/2021,HNSr3,24,romaine
Potassium,68.20,7/29/2021,8/2/2021,HNSr3,24,romaine
Sulfate,237.64,7/29/2021,8/2/2021,HNSr3,24,romaine
Zinc,0.31,7/29/2021,8/2/2021,HNSr3,24,romaine
Ammonia-Nitrogen,0.01,8/9/2021,8/10/2021,HNSr1,15,romaine
Boron,0.33,8/9/2021,8/10/2021,HNSr1,15,romaine
Calcium,192.15,8/9/2021,8/10/2021,HNSr1,15,romaine
Copper,0.41,8/9/2021,8/10/2021,HNSr1,15,romaine
Iron,2.46,8/9/2021,8/10/2021,HNSr1,15,romaine
Magnesium,53.40,8/9/2021,8/10/2021,HNSr1,15,romaine
Manganese,0.51,8/9/2021,8/10/2021,HNSr1,15,romaine
Molybdenum,0.09,8/9/2021,8/10/2021,HNSr1,15,romaine
Nitrate-Nitrogen,175.43,8/9/2021,8/10/2021,HNSr1,15,romaine
pH,5.9,8/9/2021,8/10/2021,HNSr1,15,romaine
Phosphorus,40.30,8/9/2021,8/10/2021,HNSr1,15,romaine
Potassium,113.82,8/9/2021,8/10/2021,HNSr1,15,romaine
Sulfate,199.26,8/9/2021,8/10/2021,HNSr1,15,romaine
Zinc,0.29,8/9/2021,8/10/2021,HNSr1,15,romaine
Ammonia-Nitrogen,7.88,8/9/2021,8/10/2021,HNSr2,0,bibb
Boron,0.28,8/9/2021,8/10/2021,HNSr2,0,bibb
Calcium,166.81,8/9/2021,8/10/2021,HNSr2,0,bibb
Copper,0.35,8/9/2021,8/10/2021,HNSr2,0,bibb
Iron,2.56,8/9/2021,8/10/2021,HNSr2,0,bibb
Magnesium,45.31,8/9/2021,8/10/2021,HNSr2,0,bibb
Manganese,0.01,8/9/2021,8/10/2021,HNSr2,0,bibb
Molybdenum,0.09,8/9/2021,8/10/2021,HNSr2,0,bibb
Nitrate-Nitrogen,175.43,8/9/2021,8/10/2021,HNSr2,0,bibb
pH,6.2,8/9/2021,8/10/2021,HNSr2,0,bibb
Phosphorus,42.23,8/9/2021,8/10/2021,HNSr2,0,bibb
Potassium,154.73,8/9/2021,8/10/2021,HNSr2,0,bibb
Sulfate,171.01,8/9/2021,8/10/2021,HNSr2,0,bibb
Zinc,0.26,8/9/2021,8/10/2021,HNSr2,0,bibb
Ammonia-Nitrogen,4.90,8/9/2021,8/10/2021,HNSr3,7,romaine
Boron,0.30,8/9/2021,8/10/2021,HNSr3,7,romaine
Calcium,175.51,8/9/2021,8/10/2021,HNSr3,7,romaine
Copper,0.36,8/9/2021,8/10/2021,HNSr3,7,romaine
Iron,2.12,8/9/2021,8/10/2021,HNSr3,7,romaine
Magnesium,48.90,8/9/2021,8/10/2021,HNSr3,7,romaine
Manganese,0.50,8/9/2021,8/10/2021,HNSr3,7,romaine
Molybdenum,0.08,8/9/2021,8/10/2021,HNSr3,7,romaine
Nitrate-Nitrogen,179.55,8/9/2021,8/10/2021,HNSr3,7,romaine
pH,5.4,8/9/2021,8/10/2021,HNSr3,7,romaine
Phosphorus,43.15,8/9/2021,8/10/2021,HNSr3,7,romaine
Potassium,152.15,8/9/2021,8/10/2021,HNSr3,7,romaine
Sulfate,181.74,8/9/2021,8/10/2021,HNSr3,7,romaine
Zinc,0.27,8/9/2021,8/10/2021,HNSr3,7,romaine
Ammonia-Nitrogen,0.10,8/12/2021,8/24/2021,HNSr1,18,romaine
Boron,0.37,8/12/2021,8/24/2021,HNSr1,18,romaine
Calcium,191.18,8/12/2021,8/24/2021,HNSr1,18,romaine
Copper,0.43,8/12/2021,8/24/2021,HNSr1,18,romaine
Iron,2.44,8/12/2021,8/24/2021,HNSr1,18,romaine
Magnesium,53.38,8/12/2021,8/24/2021,HNSr1,18,romaine
Manganese,0.38,8/12/2021,8/24/2021,HNSr1,18,romaine
Molybdenum,0.09,8/12/2021,8/24/2021,HNSr1,18,romaine
Nitrate-Nitrogen,179.53,8/12/2021,8/24/2021,HNSr1,18,romaine
pH,6.2,8/12/2021,8/24/2021,HNSr1,18,romaine
Phosphorus,36.92,8/12/2021,8/24/2021,HNSr1,18,romaine
Potassium,97.54,8/12/2021,8/24/2021,HNSr1,18,romaine
Sulfate,201.03,8/12/2021,8/24/2021,HNSr1,18,romaine
Zinc,0.30,8/12/2021,8/24/2021,HNSr1,18,romaine
Ammonia-Nitrogen,8.22,8/12/2021,8/24/2021,HNSr2,3,bibb
Boron,0.31,8/12/2021,8/24/2021,HNSr2,3,bibb
Calcium,160.60,8/12/2021,8/24/2021,HNSr2,3,bibb
Copper,0.34,8/12/2021,8/24/2021,HNSr2,3,bibb
Iron,2.14,8/12/2021,8/24/2021,HNSr2,3,bibb
Magnesium,44.80,8/12/2021,8/24/2021,HNSr2,3,bibb
Manganese,0.59,8/12/2021,8/24/2021,HNSr2,3,bibb
Molybdenum,0.09,8/12/2021,8/24/2021,HNSr2,3,bibb
Nitrate-Nitrogen,175.53,8/12/2021,8/24/2021,HNSr2,3,bibb
pH,5.8,8/12/2021,8/24/2021,HNSr2,3,bibb
Phosphorus,39.59,8/12/2021,8/24/2021,HNSr2,3,bibb
Potassium,147.73,8/12/2021,8/24/2021,HNSr2,3,bibb
Sulfate,169.48,8/12/2021,8/24/2021,HNSr2,3,bibb
Zinc,0.25,8/12/2021,8/24/2021,HNSr2,3,bibb
Ammonia-Nitrogen,1.14,8/12/2021,8/24/2021,HNSr3,10,romaine
Boron,0.85,8/12/2021,8/24/2021,HNSr3,10,romaine
Calcium,167.96,8/12/2021,8/24/2021,HNSr3,10,romaine
Copper,0.39,8/12/2021,8/24/2021,HNSr3,10,romaine
Iron,2.08,8/12/2021,8/24/2021,HNSr3,10,romaine
Magnesium,47.54,8/12/2021,8/24/2021,HNSr3,10,romaine
Manganese,0.37,8/12/2021,8/24/2021,HNSr3,10,romaine
Molybdenum,0.08,8/12/2021,8/24/2021,HNSr3,10,romaine
Nitrate-Nitrogen,174.20,8/12/2021,8/24/2021,HNSr3,10,romaine
pH,6.0,8/12/2021,8/24/2021,HNSr3,10,romaine
Phosphorus,38.70,8/12/2021,8/24/2021,HNSr3,10,romaine
Potassium,132.47,8/12/2021,8/24/2021,HNSr3,10,romaine
Sulfate,174.10,8/12/2021,8/24/2021,HNSr3,10,romaine
Zinc,0.28,8/12/2021,8/24/2021,HNSr3,10,romaine
Ammonia-Nitrogen,8.55,8/12/2021,8/24/2021,HNSrD,,
Boron,0.31,8/12/2021,8/24/2021,HNSrD,,
Calcium,155.64,8/12/2021,8/24/2021,HNSrD,,
Copper,0.51,8/12/2021,8/24/2021,HNSrD,,
Iron,1.66,8/12/2021,8/24/2021,HNSrD,,
Magnesium,44.29,8/12/2021,8/24/2021,HNSrD,,
Manganese,0.02,8/12/2021,8/24/2021,HNSrD,,
Molybdenum,0.09,8/12/2021,8/24/2021,HNSrD,,
Nitrate-Nitrogen,134.30,8/12/2021,8/24/2021,HNSrD,,
pH,,8/12/2021,8/24/2021,HNSrD,,
Phosphorus,40.17,8/12/2021,8/24/2021,HNSrD,,
Potassium,145.76,8/12/2021,8/24/2021,HNSrD,,
Sulfate,169.21,8/12/2021,8/24/2021,HNSrD,,
Zinc,0.66,8/12/2021,8/24/2021,HNSrD,,
Nitrate-Nitrogen,219.65,8/19/2021,8/24/2021,HNSr1,25,romaine
Ammonia-Nitrogen,0.01,8/19/2021,8/24/2021,HNSr1,25,romaine
Phosphorus,36.73,8/19/2021,8/24/2021,HNSr1,25,romaine
Potassium,34.01,8/19/2021,8/24/2021,HNSr1,25,romaine
Calcium,234.02,8/19/2021,8/24/2021,HNSr1,25,romaine
Magnesium,65.83,8/19/2021,8/24/2021,HNSr1,25,romaine
Sulfate,255.92,8/19/2021,8/24/2021,HNSr1,25,romaine
Boron,0.44,8/19/2021,8/24/2021,HNSr1,25,romaine
Zinc,0.08,8/19/2021,8/24/2021,HNSr1,25,romaine
Manganese,0.28,8/19/2021,8/24/2021,HNSr1,25,romaine
Iron,3.04,8/19/2021,8/24/2021,HNSr1,25,romaine
Copper,0.6,8/19/2021,8/24/2021,HNSr1,25,romaine
Molybdenum,0.12,8/19/2021,8/24/2021,HNSr1,25,romaine
pH,6.2,8/19/2021,8/24/2021,HNSr1,25,romaine
Nitrate-Nitrogen,190.75,8/19/2021,8/24/2021,HNSr2,10,bibb
Ammonia-Nitrogen,0.98,8/19/2021,8/24/2021,HNSr2,10,bibb
Phosphorus,40.78,8/19/2021,8/24/2021,HNSr2,10,bibb
Potassium,137.54,8/19/2021,8/24/2021,HNSr2,10,bibb
Calcium,171.62,8/19/2021,8/24/2021,HNSr2,10,bibb
Magnesium,48.58,8/19/2021,8/24/2021,HNSr2,10,bibb
Sulfate,181.44,8/19/2021,8/24/2021,HNSr2,10,bibb
Boron,0.32,8/19/2021,8/24/2021,HNSr2,10,bibb
Zinc,0.01,8/19/2021,8/24/2021,HNSr2,10,bibb
Manganese,0.52,8/19/2021,8/24/2021,HNSr2,10,bibb
Iron,2.32,8/19/2021,8/24/2021,HNSr2,10,bibb
Copper,0.42,8/19/2021,8/24/2021,HNSr2,10,bibb
Molybdenum,0.1,8/19/2021,8/24/2021,HNSr2,10,bibb
pH,5.6,8/19/2021,8/24/2021,HNSr2,10,bibb
Nitrate-Nitrogen,200.88,8/19/2021,8/24/2021,HNSr3,17,romaine
Ammonia-Nitrogen,0.01,8/19/2021,8/24/2021,HNSr3,17,romaine
Phosphorus,34.99,8/19/2021,8/24/2021,HNSr3,17,romaine
Potassium,91.8,8/19/2021,8/24/2021,HNSr3,17,romaine
Calcium,189.53,8/19/2021,8/24/2021,HNSr3,17,romaine
Magnesium,54.3,8/19/2021,8/24/2021,HNSr3,17,romaine
Sulfate,206.6,8/19/2021,8/24/2021,HNSr3,17,romaine
Boron,0.36,8/19/2021,8/24/2021,HNSr3,17,romaine
Zinc,0.02,8/19/2021,8/24/2021,HNSr3,17,romaine
Manganese,0.13,8/19/2021,8/24/2021,HNSr3,17,romaine
Iron,2.41,8/19/2021,8/24/2021,HNSr3,17,romaine
Copper,0.48,8/19/2021,8/24/2021,HNSr3,17,romaine
Molybdenum,0.11,8/19/2021,8/24/2021,HNSr3,17,romaine
pH,5.8,8/19/2021,8/24/2021,HNSr3,17,romaine
Nitrate-Nitrogen,210,8/26/2021,8/30/2021,HNSr1,3,red_oakleaf
Ammonia-Nitrogen,6.6,8/26/2021,8/30/2021,HNSr1,3,red_oakleaf
Phosphorus,39.94,8/26/2021,8/30/2021,HNSr1,3,red_oakleaf
Potassium,150.84,8/26/2021,8/30/2021,HNSr1,3,red_oakleaf
Calcium,167.27,8/26/2021,8/30/2021,HNSr1,3,red_oakleaf
Magnesium,45.99,8/26/2021,8/30/2021,HNSr1,3,red_oakleaf
Sulfate,172.41,8/26/2021,8/30/2021,HNSr1,3,red_oakleaf
Boron,0.33,8/26/2021,8/30/2021,HNSr1,3,red_oakleaf
Zinc,0.25,8/26/2021,8/30/2021,HNSr1,3,red_oakleaf
Manganese,0.29,8/26/2021,8/30/2021,HNSr1,3,red_oakleaf
Iron,1.9,8/26/2021,8/30/2021,HNSr1,3,red_oakleaf
Copper,0.53,8/26/2021,8/30/2021,HNSr1,3,red_oakleaf
pH,5.8,8/26/2021,8/30/2021,HNSr1,3,red_oakleaf
Molybdenum,0.08,8/26/2021,8/30/2021,HNSr1,3,red_oakleaf
Nitrate-Nitrogen,227.5,8/26/2021,8/30/2021,HNSr2,17,bibb
Ammonia-Nitrogen,0.03,8/26/2021,8/30/2021,HNSr2,17,bibb
Phosphorus,40.14,8/26/2021,8/30/2021,HNSr2,17,bibb
Potassium,119.87,8/26/2021,8/30/2021,HNSr2,17,bibb
Calcium,201.47,8/26/2021,8/30/2021,HNSr2,17,bibb
Magnesium,57.24,8/26/2021,8/30/2021,HNSr2,17,bibb
Sulfate,215.7,8/26/2021,8/30/2021,HNSr2,17,bibb
Boron,0.4,8/26/2021,8/30/2021,HNSr2,17,bibb
Zinc,0.72,8/26/2021,8/30/2021,HNSr2,17,bibb
Manganese,0.41,8/26/2021,8/30/2021,HNSr2,17,bibb
Iron,2.43,8/26/2021,8/30/2021,HNSr2,17,bibb
Copper,0.51,8/26/2021,8/30/2021,HNSr2,17,bibb
Molybdenum,0.1,8/26/2021,8/30/2021,HNSr2,17,bibb
pH,6.3,8/26/2021,8/30/2021,HNSr2,17,bibb
Nitrate-Nitrogen,227.5,8/26/2021,8/30/2021,HNSr3,24,romaine
Ammonia-Nitrogen,0.04,8/26/2021,8/30/2021,HNSr3,24,romaine
Phosphorus,29.16,8/26/2021,8/30/2021,HNSr3,24,romaine
Potassium,53.24,8/26/2021,8/30/2021,HNSr3,24,romaine
Calcium,227.77,8/26/2021,8/30/2021,HNSr3,24,romaine
Magnesium,65.32,8/26/2021,8/30/2021,HNSr3,24,romaine
Sulfate,257.75,8/26/2021,8/30/2021,HNSr3,24,romaine
Boron,0.47,8/26/2021,8/30/2021,HNSr3,24,romaine
Zinc,0.39,8/26/2021,8/30/2021,HNSr3,24,romaine
Manganese,0.04,8/26/2021,8/30/2021,HNSr3,24,romaine
Iron,2.97,8/26/2021,8/30/2021,HNSr3,24,romaine
Copper,0.61,8/26/2021,8/30/2021,HNSr3,24,romaine
pH,6.4,8/26/2021,8/30/2021,HNSr3,24,romaine
Molybdenum,0.12,8/26/2021,8/30/2021,HNSr3,24,romaine
