HAT,11/5/2020,Ammonia (N),0.108449057
HAT,11/5/2020,Nitrate-Nitrite (N),0.072786526
HAT,11/5/2020,Orthophosphate (P),0.071530866
HAT,10/22/2020,Ammonia (N),0.017558316
HAT,10/22/2020,Nitrate-Nitrite (N),0.037253617
HAT,10/22/2020,Orthophosphate (P),0.106957941
HAT,10/8/2020,Ammonia (N),0.027432101
HAT,10/8/2020,Nitrate-Nitrite (N),0.053444233
HAT,10/8/2020,Orthophosphate (P),0.069682892
HAT,9/10/2020,Ammonia (N),0.021232153
HAT,9/10/2020,Nitrate-Nitrite (N),0.037506128
HAT,9/10/2020,Orthophosphate (P),0.099366757
HAT,8/24/2020,Ammonia (N),0.016837803
HAT,8/24/2020,Nitrate-Nitrite (N),0.014086754
HAT,8/24/2020,Orthophosphate (P),0.16774969
HAT,8/14/2020,Ammonia (N),0.110989659
HAT,8/14/2020,Nitrate-Nitrite (N),0.052136398
HAT,8/14/2020,Orthophosphate (P),0.163838414
HAT,7/28/2020,Ammonia (N),0.139659083
HAT,7/28/2020,Nitrate-Nitrite (N),0.148140528
HAT,7/28/2020,Orthophosphate (P),0.12965646
HAT,7/16/2020,Ammonia (N),0.010523756
HAT,7/16/2020,Nitrate-Nitrite (N),0.096144459
HAT,7/16/2020,Orthophosphate (P),0.079515707
HAT,6/26/2020,Ammonia (N),0.198485209
HAT,6/26/2020,Nitrate-Nitrite (N),0.049613899
HAT,6/26/2020,Orthophosphate (P),0.080980542
HAT,3/12/2020,Ammonia (N),0.211481076
HAT,3/12/2020,Nitrate-Nitrite (N),0.028631066
HAT,3/12/2020,Orthophosphate (P),0.109926647
HAT,2/28/2020,Ammonia (N),0.024624505
HAT,2/28/2020,Nitrate-Nitrite (N),0.0015
HAT,2/28/2020,Orthophosphate (P),0.09543639
HAT,2/12/2020,Ammonia (N),0.027165116
HAT,2/12/2020,Nitrate-Nitrite (N),0.015718177
HAT,2/12/2020,Orthophosphate (P),0.097259147
HAT,1/10/2020,Ammonia (N),0.008278148
HAT,1/10/2020,Nitrate-Nitrite (N),0.0015
HAT,1/10/2020,Orthophosphate (P),0.047892971
HAT,12/17/2019,Ammonia (N),0.004
HAT,12/17/2019,Nitrate-Nitrite (N),0.04285312
HAT,12/17/2019,Orthophosphate (P),0.129354601
HAT,11/20/2019,Ammonia (N),0.004
HAT,11/20/2019,Nitrate-Nitrite (N),0.060857631
HAT,11/20/2019,Orthophosphate (P),0.094475319
HAT,11/6/2019,Ammonia (N),0.012658768
HAT,11/6/2019,Nitrate-Nitrite (N),0.056062853
HAT,11/6/2019,Orthophosphate (P),0.09860677
HAT,10/23/2019,Ammonia (N),0.004
HAT,10/23/2019,Nitrate-Nitrite (N),0.070823388
HAT,10/23/2019,Orthophosphate (P),0.145860239
HAT,10/9/2019,Ammonia (N),0.004
HAT,10/9/2019,Nitrate-Nitrite (N),0.0015
HAT,10/9/2019,Orthophosphate (P),0.117658193
HAT,9/25/2019,Ammonia (N),0.004
HAT,9/25/2019,Nitrate-Nitrite (N),0.100238399
HAT,9/25/2019,Orthophosphate (P),0.104097178
HAT,9/11/2019,Ammonia (N),0.004
HAT,9/11/2019,Nitrate-Nitrite (N),0.091246753
HAT,9/11/2019,Orthophosphate (P),0.081350544
HAT,8/28/2019,Ammonia (N),0.00286954
HAT,8/28/2019,Nitrate-Nitrite (N),0.0015
HAT,8/28/2019,Orthophosphate (P),0.080236457
HAT,8/14/2019,Ammonia (N),0.022744659
HAT,8/14/2019,Nitrate-Nitrite (N),0.095595117
HAT,8/14/2019,Orthophosphate (P),0.027388728
HAT,7/29/2019,Ammonia (N),0.004
HAT,7/29/2019,Nitrate-Nitrite (N),0.049632143
HAT,7/29/2019,Orthophosphate (P),0.018088271
HAT,7/9/2019,Ammonia (N),0.01989755
HAT,7/9/2019,Nitrate-Nitrite (N),0.099610019
HAT,7/9/2019,Orthophosphate (P),0.104625951
HAT,6/18/2019,Ammonia (N),0.004
HAT,6/18/2019,Nitrate-Nitrite (N),0.126158535
HAT,6/18/2019,Orthophosphate (P),0.171791865
HAT,6/6/2019,Ammonia (N),0.012094518
HAT,6/6/2019,Nitrate-Nitrite (N),0.007537459
HAT,6/6/2019,Orthophosphate (P),0.300725437
HAT,5/24/2019,Ammonia (N),0.287302893
HAT,5/24/2019,Nitrate-Nitrite (N),0.047062508
HAT,5/24/2019,Orthophosphate (P),0.141272803
HAT,5/7/2019,Ammonia (N),0.170017582
HAT,5/7/2019,Nitrate-Nitrite (N),0.090427513
HAT,5/7/2019,Orthophosphate (P),0.112113871
HAT,4/24/2019,Ammonia (N),0.011837411
HAT,4/24/2019,Nitrate-Nitrite (N),0.082494986
HAT,4/24/2019,Orthophosphate (P),0.140891188
HAT,4/3/2019,Ammonia (N),0.268670452
HAT,4/3/2019,Nitrate-Nitrite (N),0.090630674
HAT,4/3/2019,Orthophosphate (P),0.159448409
HAT,3/22/2019,Ammonia (N),1.13473527
HAT,3/22/2019,Nitrate-Nitrite (N),0.093439079
HAT,3/22/2019,Orthophosphate (P),0.120361491
HAT,2/20/2019,Ammonia (N),0.089939177
HAT,2/20/2019,Nitrate-Nitrite (N),0.049764958
HAT,2/20/2019,Orthophosphate (P),0.08581405
HAT,2/6/2019,Ammonia (N),0.410994029
HAT,2/6/2019,Nitrate-Nitrite (N),0.018542295
HAT,2/6/2019,Orthophosphate (P),0.06088583
HAT,1/25/2019,Ammonia (N),0.01029808
HAT,1/25/2019,Nitrate-Nitrite (N),0.017435434
HAT,1/25/2019,Orthophosphate (P),0.102733338
HAT,1/18/2019,Ammonia (N),0.265256002
HAT,1/18/2019,Nitrate-Nitrite (N),0.032732687
HAT,1/18/2019,Orthophosphate (P),0.065443278
HAT,1/4/2019,Ammonia (N),0.017150835
HAT,1/4/2019,Nitrate-Nitrite (N),0.022898304
HAT,1/4/2019,Orthophosphate (P),0.05534481
HAT,12/20/2018,Ammonia (N),0.283476349
HAT,12/20/2018,Nitrate-Nitrite (N),0.088811298
HAT,12/20/2018,Orthophosphate (P),0.258076359
HAT,12/5/2018,Ammonia (N),0.008691157
HAT,12/5/2018,Nitrate-Nitrite (N),0.057913344
HAT,12/5/2018,Orthophosphate (P),0.575079236
HAT,11/29/2018,Ammonia (N),0.118133328
HAT,11/29/2018,Nitrate-Nitrite (N),0.057468702
HAT,11/29/2018,Orthophosphate (P),0.222159124
HAT,11/13/2018,Ammonia (N),0.091148787
HAT,11/13/2018,Nitrate-Nitrite (N),0.110586799
HAT,11/13/2018,Orthophosphate (P),0.215538336
HAT,11/8/2018,Ammonia (N),0.078749416
HAT,11/8/2018,Nitrate-Nitrite (N),0.135545378
HAT,11/8/2018,Orthophosphate (P),0.224899523
HAT,10/31/2018,Ammonia (N),0.207266541
HAT,10/31/2018,Nitrate-Nitrite (N),0.20771115
HAT,10/31/2018,Orthophosphate (P),0.235731097
HAT,10/18/2018,Ammonia (N),0.125190779
HAT,10/18/2018,Nitrate-Nitrite (N),0.185678457
HAT,10/18/2018,Orthophosphate (P),0.205612092
HAT,9/14/2018,Ammonia (N),0.237706511
HAT,9/14/2018,Nitrate-Nitrite (N),0.069039773
HAT,9/14/2018,Orthophosphate (P),0.104621817
HOGDN,11/5/2020,Ammonia (N),0.093438545
HOGDN,11/5/2020,Nitrate-Nitrite (N),0.25434137
HOGDN,11/5/2020,Orthophosphate (P),0.499433832
HOGDN,10/22/2020,Ammonia (N),0.03337575
HOGDN,10/22/2020,Nitrate-Nitrite (N),0.040627835
HOGDN,10/22/2020,Orthophosphate (P),0.569555813
HOGDN,10/8/2020,Ammonia (N),0.026887548
HOGDN,10/8/2020,Nitrate-Nitrite (N),0.13339733
HOGDN,10/8/2020,Orthophosphate (P),0.618229788
HOGDN,9/10/2020,Ammonia (N),0.007133357
HOGDN,9/10/2020,Nitrate-Nitrite (N),0.046914199
HOGDN,9/10/2020,Orthophosphate (P),0.349057628
HOGDN,8/24/2020,Ammonia (N),0.017890737
HOGDN,8/24/2020,Nitrate-Nitrite (N),0.05942377
HOGDN,8/24/2020,Orthophosphate (P),0.631870027
HOGDN,8/14/2020,Ammonia (N),0.104686248
HOGDN,8/14/2020,Nitrate-Nitrite (N),0.290190215
HOGDN,8/14/2020,Orthophosphate (P),0.661834245
HOGDN,7/28/2020,Ammonia (N),0.107070292
HOGDN,7/28/2020,Nitrate-Nitrite (N),0.325615728
HOGDN,7/28/2020,Orthophosphate (P),0.588000088
HOGDN,7/16/2020,Ammonia (N),0.011876873
HOGDN,7/16/2020,Nitrate-Nitrite (N),0.162743322
HOGDN,7/16/2020,Orthophosphate (P),0.336730892
HOGDN,6/26/2020,Ammonia (N),0.19399159
HOGDN,6/26/2020,Nitrate-Nitrite (N),0.269494424
HOGDN,6/26/2020,Orthophosphate (P),0.683567442
HOGDN,3/12/2020,Ammonia (N),0.181505165
HOGDN,3/12/2020,Nitrate-Nitrite (N),0.260944978
HOGDN,3/12/2020,Orthophosphate (P),0.711464907
HOGDN,2/28/2020,Ammonia (N),0.021825129
HOGDN,2/28/2020,Nitrate-Nitrite (N),0.031553265
HOGDN,2/28/2020,Orthophosphate (P),0.462264001
HOGDN,2/12/2020,Ammonia (N),0.032398545
HOGDN,2/12/2020,Nitrate-Nitrite (N),0.120623192
HOGDN,2/12/2020,Orthophosphate (P),0.745753402
HOGDN,1/10/2020,Ammonia (N),0.004
HOGDN,1/10/2020,Nitrate-Nitrite (N),0.187889753
HOGDN,1/10/2020,Orthophosphate (P),0.470975414
HOGDN,12/17/2019,Ammonia (N),0.004
HOGDN,12/17/2019,Nitrate-Nitrite (N),0.055328719
HOGDN,12/17/2019,Orthophosphate (P),0.750058729
HOGDN,11/20/2019,Ammonia (N),0.004
HOGDN,11/20/2019,Nitrate-Nitrite (N),0.321168366
HOGDN,11/20/2019,Orthophosphate (P),0.445824429
HOGDN,11/6/2019,Ammonia (N),0.024012618
HOGDN,11/6/2019,Nitrate-Nitrite (N),0.25987479
HOGDN,11/6/2019,Orthophosphate (P),0.645881878
HOGDN,10/23/2019,Ammonia (N),0.004
HOGDN,10/23/2019,Nitrate-Nitrite (N),0.071222136
HOGDN,10/23/2019,Orthophosphate (P),0.56593281
HOGDN,10/9/2019,Ammonia (N),0.004
HOGDN,10/9/2019,Nitrate-Nitrite (N),0.0015
HOGDN,10/9/2019,Orthophosphate (P),0.477488175
HOGDN,9/25/2019,Ammonia (N),0.011379997
HOGDN,9/25/2019,Nitrate-Nitrite (N),0.294221309
HOGDN,9/25/2019,Orthophosphate (P),0.63214169
HOGDN,9/11/2019,Ammonia (N),0.004
HOGDN,9/11/2019,Nitrate-Nitrite (N),0.164701015
HOGDN,9/11/2019,Orthophosphate (P),0.579655119
HOGDN,8/28/2019,Ammonia (N),0.004
HOGDN,8/28/2019,Nitrate-Nitrite (N),0.042214922
HOGDN,8/28/2019,Orthophosphate (P),0.46430432
HOGDN,8/14/2019,Ammonia (N),0.011415946
HOGDN,8/14/2019,Nitrate-Nitrite (N),0.09869771
HOGDN,8/14/2019,Orthophosphate (P),0.56630074
HOGDN,7/29/2019,Ammonia (N),0.004
HOGDN,7/29/2019,Nitrate-Nitrite (N),0.083378574
HOGDN,7/29/2019,Orthophosphate (P),0.546496909
HOGDN,7/9/2019,Ammonia (N),0.012148411
HOGDN,7/9/2019,Nitrate-Nitrite (N),0.220814657
HOGDN,7/9/2019,Orthophosphate (P),0.635658794
HOGDN,6/18/2019,Ammonia (N),0.004
HOGDN,6/18/2019,Nitrate-Nitrite (N),0.055408491
HOGDN,6/18/2019,Orthophosphate (P),0.475251706
HOGDN,6/6/2019,Ammonia (N),0.011584004
HOGDN,6/6/2019,Nitrate-Nitrite (N),0.12175587
HOGDN,6/6/2019,Orthophosphate (P),0.247162529
HOGDN,5/24/2019,Ammonia (N),0.047652133
HOGDN,5/24/2019,Nitrate-Nitrite (N),0.362866471
HOGDN,5/24/2019,Orthophosphate (P),0.632848522
HOGDN,5/7/2019,Ammonia (N),0.034060651
HOGDN,5/7/2019,Nitrate-Nitrite (N),0.193781514
HOGDN,5/7/2019,Orthophosphate (P),0.684602781
HOGDN,4/24/2019,Ammonia (N),0.004
HOGDN,4/24/2019,Nitrate-Nitrite (N),0.330136387
HOGDN,4/24/2019,Orthophosphate (P),0.629537125
HOGDN,4/3/2019,Ammonia (N),1.094257078
HOGDN,4/3/2019,Nitrate-Nitrite (N),0.181294381
HOGDN,4/3/2019,Orthophosphate (P),0.505940426
HOGDN,3/22/2019,Orthophosphate (P),0.612246183
HOGDN,2/20/2019,Ammonia (N),0.154356152
HOGDN,2/20/2019,Nitrate-Nitrite (N),0.297930323
HOGDN,2/20/2019,Orthophosphate (P),0.646733307
HOGDN,2/6/2019,Ammonia (N),0.627595189
HOGDN,2/6/2019,Nitrate-Nitrite (N),0.063494401
HOGDN,2/6/2019,Orthophosphate (P),0.475369076
HOGDN,1/25/2019,Ammonia (N),0.004
HOGDN,1/25/2019,Nitrate-Nitrite (N),0.029769333
HOGDN,1/25/2019,Orthophosphate (P),0.319414223
HOGDN,1/18/2019,Ammonia (N),0.191170648
HOGDN,1/18/2019,Nitrate-Nitrite (N),0.246834403
HOGDN,1/18/2019,Orthophosphate (P),0.394245073
HOGDN,1/4/2019,Ammonia (N),0.025473338
HOGDN,1/4/2019,Nitrate-Nitrite (N),0.131289339
HOGDN,1/4/2019,Orthophosphate (P),0.586027233
HOGDN,12/20/2018,Ammonia (N),0.197354328
HOGDN,12/20/2018,Nitrate-Nitrite (N),0.0015
HOGDN,12/20/2018,Orthophosphate (P),0.05407559
HOGDN,12/5/2018,Ammonia (N),0.028842979
HOGDN,12/5/2018,Nitrate-Nitrite (N),0.044669008
HOGDN,12/5/2018,Orthophosphate (P),0.187870028
HOGDN,11/29/2018,Ammonia (N),0.237321316
HOGDN,11/29/2018,Nitrate-Nitrite (N),0.225989092
HOGDN,11/29/2018,Orthophosphate (P),0.60459118
HOGDN,11/13/2018,Ammonia (N),0.030257438
HOGDN,11/13/2018,Nitrate-Nitrite (N),0.197906138
HOGDN,11/13/2018,Orthophosphate (P),0.814121652
HOGDN,11/8/2018,Ammonia (N),0.127485484
HOGDN,11/8/2018,Nitrate-Nitrite (N),0.347111001
HOGDN,11/8/2018,Orthophosphate (P),0.807209472
HOGDN,10/31/2018,Ammonia (N),0.244959955
HOGDN,10/31/2018,Nitrate-Nitrite (N),0.422370714
HOGDN,10/31/2018,Orthophosphate (P),0.677986136
HOGDN,10/18/2018,Ammonia (N),0.104001919
HOGDN,10/18/2018,Nitrate-Nitrite (N),0.217878717
HOGDN,10/18/2018,Orthophosphate (P),0.768799848
HOGNW16,11/5/2020,Ammonia (N),0.070406168
HOGNW16,11/5/2020,Nitrate-Nitrite (N),0.346505364
HOGNW16,11/5/2020,Orthophosphate (P),0.162631561
HOGNW16,10/22/2020,Ammonia (N),0.008786351
HOGNW16,10/22/2020,Nitrate-Nitrite (N),0.146508959
HOGNW16,10/22/2020,Orthophosphate (P),0.260922217
HOGNW16,10/8/2020,Ammonia (N),0.013811805
HOGNW16,10/8/2020,Nitrate-Nitrite (N),0.305465649
HOGNW16,10/8/2020,Orthophosphate (P),0.368495742
HOGNW16,9/10/2020,Ammonia (N),0.013481634
HOGNW16,9/10/2020,Nitrate-Nitrite (N),0.077536233
HOGNW16,9/10/2020,Orthophosphate (P),0.12310234
HOGNW16,8/24/2020,Ammonia (N),0.014438093
HOGNW16,8/24/2020,Nitrate-Nitrite (N),0.153138762
HOGNW16,8/24/2020,Orthophosphate (P),0.271013196
HOGNW16,8/14/2020,Ammonia (N),0.103817696
HOGNW16,8/14/2020,Nitrate-Nitrite (N),0.284944721
HOGNW16,8/14/2020,Orthophosphate (P),0.470497874
HOGNW16,7/28/2020,Ammonia (N),0.099783572
HOGNW16,7/28/2020,Nitrate-Nitrite (N),0.401233963
HOGNW16,7/28/2020,Orthophosphate (P),0.44946521
HOGNW16,7/16/2020,Ammonia (N),0.018795568
HOGNW16,7/16/2020,Nitrate-Nitrite (N),0.134179653
HOGNW16,7/16/2020,Orthophosphate (P),0.246011997
HOGNW16,6/26/2020,Ammonia (N),0.188397569
HOGNW16,6/26/2020,Nitrate-Nitrite (N),0.309948434
HOGNW16,6/26/2020,Orthophosphate (P),0.423804601
HOGNW16,3/12/2020,Ammonia (N),0.148249043
HOGNW16,3/12/2020,Nitrate-Nitrite (N),0.329488272
HOGNW16,3/12/2020,Orthophosphate (P),0.542878243
HOGNW16,2/28/2020,Ammonia (N),0.028702453
HOGNW16,2/28/2020,Nitrate-Nitrite (N),0.182699663
HOGNW16,2/28/2020,Orthophosphate (P),0.332325448
HOGNW16,2/12/2020,Ammonia (N),0.021863283
HOGNW16,2/12/2020,Nitrate-Nitrite (N),0.223595767
HOGNW16,2/12/2020,Orthophosphate (P),0.51888027
HOGNW16,1/10/2020,Ammonia (N),0.007849266
HOGNW16,1/10/2020,Nitrate-Nitrite (N),0.293235113
HOGNW16,1/10/2020,Orthophosphate (P),0.358719526
HOGNW16,12/17/2019,Ammonia (N),0.004
HOGNW16,12/17/2019,Nitrate-Nitrite (N),0.267023334
HOGNW16,12/17/2019,Orthophosphate (P),0.520406639
HOGNW16,12/6/2019,Ammonia (N),0.004
HOGNW16,12/6/2019,Nitrate-Nitrite (N),0.434057945
HOGNW16,12/6/2019,Orthophosphate (P),0.545942086
HOGNW16,11/20/2019,Ammonia (N),0.004
HOGNW16,11/20/2019,Nitrate-Nitrite (N),0.384776499
HOGNW16,11/20/2019,Orthophosphate (P),0.379885235
HOGNW16,11/6/2019,Ammonia (N),0.012966382
HOGNW16,11/6/2019,Nitrate-Nitrite (N),0.369866031
HOGNW16,11/6/2019,Orthophosphate (P),0.521518418
HOGNW16,10/23/2019,Ammonia (N),0.004
HOGNW16,10/23/2019,Nitrate-Nitrite (N),0.234764241
HOGNW16,10/23/2019,Orthophosphate (P),0.366199769
HOGNW16,10/9/2019,Ammonia (N),0.004
HOGNW16,10/9/2019,Nitrate-Nitrite (N),0.107032193
HOGNW16,10/9/2019,Orthophosphate (P),0.335568642
HOGNW16,9/25/2019,Ammonia (N),0.007793842
HOGNW16,9/25/2019,Nitrate-Nitrite (N),0.62377103
HOGNW16,9/25/2019,Orthophosphate (P),0.494535627
HOGNW16,9/11/2019,Ammonia (N),0.004
HOGNW16,9/11/2019,Nitrate-Nitrite (N),0.350098382
HOGNW16,9/11/2019,Orthophosphate (P),0.362862386
HOGNW16,8/28/2019,Ammonia (N),0.004
HOGNW16,8/28/2019,Nitrate-Nitrite (N),0.056392266
HOGNW16,8/28/2019,Orthophosphate (P),0.157252933
HOGNW16,8/14/2019,Ammonia (N),0.013430614
HOGNW16,8/14/2019,Nitrate-Nitrite (N),0.150725816
HOGNW16,8/14/2019,Orthophosphate (P),0.159471236
HOGNW16,7/29/2019,Ammonia (N),0.004
HOGNW16,7/29/2019,Nitrate-Nitrite (N),0.103378695
HOGNW16,7/29/2019,Orthophosphate (P),0.154344054
HOGNW16,7/9/2019,Ammonia (N),0.013692619
HOGNW16,7/9/2019,Nitrate-Nitrite (N),0.325686229
HOGNW16,7/9/2019,Orthophosphate (P),0.370227141
HOGNW16,6/18/2019,Ammonia (N),0.004
HOGNW16,6/18/2019,Nitrate-Nitrite (N),0.156441251
HOGNW16,6/18/2019,Orthophosphate (P),0.234085438
HOGNW16,6/6/2019,Ammonia (N),0.004
HOGNW16,6/6/2019,Nitrate-Nitrite (N),0.235144341
HOGNW16,6/6/2019,Orthophosphate (P),0.617707186
HOGNW16,5/24/2019,Ammonia (N),0.185867351
HOGNW16,5/24/2019,Nitrate-Nitrite (N),0.469314955
HOGNW16,5/24/2019,Orthophosphate (P),0.580921765
HOGNW16,5/7/2019,Ammonia (N),0.088477441
HOGNW16,5/7/2019,Nitrate-Nitrite (N),0.286897149
HOGNW16,5/7/2019,Orthophosphate (P),0.412499851
HOGNW16,4/24/2019,Ammonia (N),0.004
HOGNW16,4/24/2019,Nitrate-Nitrite (N),0.406875723
HOGNW16,4/24/2019,Orthophosphate (P),0.470039827
HOGNW16,4/3/2019,Ammonia (N),0.310708087
HOGNW16,4/3/2019,Nitrate-Nitrite (N),0.330384822
HOGNW16,4/3/2019,Orthophosphate (P),0.450222734
HOGNW16,1/25/2019,Ammonia (N),0.005804983
HOGNW16,1/25/2019,Nitrate-Nitrite (N),0.121411043
HOGNW16,1/25/2019,Orthophosphate (P),0.146371716
HOGNW16,1/18/2019,Ammonia (N),0.554385725
HOGNW16,1/18/2019,Nitrate-Nitrite (N),0.313886007
HOGNW16,1/18/2019,Orthophosphate (P),0.321073258
HOGNW16,1/4/2019,Ammonia (N),0.034629322
HOGNW16,1/4/2019,Nitrate-Nitrite (N),0.258040455
HOGNW16,1/4/2019,Orthophosphate (P),0.316035261
HOGNW16,12/20/2018,Ammonia (N),0.497516424
HOGNW16,12/20/2018,Nitrate-Nitrite (N),0.077515069
HOGNW16,12/20/2018,Orthophosphate (P),0.130470035
HOGNW16,12/5/2018,Ammonia (N),0.015021598
HOGNW16,12/5/2018,Nitrate-Nitrite (N),0.12078252
HOGNW16,12/5/2018,Orthophosphate (P),0.106626455
HOGNW16,11/29/2018,Ammonia (N),0.093535927
HOGNW16,11/29/2018,Nitrate-Nitrite (N),0.361108133
HOGNW16,11/29/2018,Orthophosphate (P),0.505655994
HOGNW16,11/13/2018,Ammonia (N),0.026961242
HOGNW16,11/13/2018,Nitrate-Nitrite (N),0.390558138
HOGNW16,11/13/2018,Orthophosphate (P),0.608844237
HOGNW16,11/8/2018,Ammonia (N),0.093571136
HOGNW16,11/8/2018,Nitrate-Nitrite (N),0.433433569
HOGNW16,11/8/2018,Orthophosphate (P),0.600244856
HOGNW16,10/31/2018,Ammonia (N),1.403405768
HOGNW16,10/31/2018,Nitrate-Nitrite (N),0.389160512
HOGNW16,10/31/2018,Orthophosphate (P),0.571091305
HOGNW16,10/18/2018,Ammonia (N),0.052947688
HOGNW16,10/18/2018,Nitrate-Nitrite (N),0.411274752
HOGNW16,10/18/2018,Orthophosphate (P),0.610032133
HOGNW16,9/14/2018,Ammonia (N),0.22657109
HOGNW16,9/14/2018,Nitrate-Nitrite (N),0.398157529
HOGNW16,9/14/2018,Orthophosphate (P),0.419528176
POSNW16,11/5/2020,Ammonia (N),0.059361586
POSNW16,11/5/2020,Nitrate-Nitrite (N),0.513590474
POSNW16,11/5/2020,Orthophosphate (P),0.410197414
POSNW16,10/22/2020,Ammonia (N),0.007646588
POSNW16,10/22/2020,Nitrate-Nitrite (N),0.351510981
POSNW16,10/22/2020,Orthophosphate (P),0.465800612
POSNW16,10/8/2020,Ammonia (N),0.010354731
POSNW16,10/8/2020,Nitrate-Nitrite (N),0.439971979
POSNW16,10/8/2020,Orthophosphate (P),0.731603344
POSNW16,9/10/2020,Ammonia (N),0.012570289
POSNW16,9/10/2020,Nitrate-Nitrite (N),0.131905178
POSNW16,9/10/2020,Orthophosphate (P),0.504860924
POSNW16,8/24/2020,Ammonia (N),0.012937725
POSNW16,8/24/2020,Nitrate-Nitrite (N),0.361757248
POSNW16,8/24/2020,Orthophosphate (P),0.728098185
POSNW16,8/14/2020,Ammonia (N),0.102719052
POSNW16,8/14/2020,Nitrate-Nitrite (N),0.636679275
POSNW16,8/14/2020,Orthophosphate (P),0.866544347
POSNW16,7/28/2020,Ammonia (N),0.089046085
POSNW16,7/28/2020,Nitrate-Nitrite (N),0.647288174
POSNW16,7/28/2020,Orthophosphate (P),0.890825762
POSNW16,7/16/2020,Ammonia (N),0.004922582
POSNW16,7/16/2020,Nitrate-Nitrite (N),0.198179175
POSNW16,7/16/2020,Orthophosphate (P),0.457286778
POSNW16,6/26/2020,Ammonia (N),0.157085392
POSNW16,6/26/2020,Nitrate-Nitrite (N),0.577262519
POSNW16,6/26/2020,Orthophosphate (P),0.87004153
POSNW16,3/12/2020,Ammonia (N),0.183254111
POSNW16,3/12/2020,Nitrate-Nitrite (N),0.678290673
POSNW16,3/12/2020,Orthophosphate (P),0.955768795
POSNW16,2/28/2020,Ammonia (N),0.02796822
POSNW16,2/28/2020,Nitrate-Nitrite (N),0.354564978
POSNW16,2/28/2020,Orthophosphate (P),0.658082598
POSNW16,2/12/2020,Ammonia (N),0.025303956
POSNW16,2/12/2020,Nitrate-Nitrite (N),0.487344587
POSNW16,2/12/2020,Orthophosphate (P),0.941122217
POSNW16,1/10/2020,Ammonia (N),0.097793943
POSNW16,1/10/2020,Nitrate-Nitrite (N),0.592573751
POSNW16,1/10/2020,Orthophosphate (P),0.706525273
POSNW16,12/17/2019,Ammonia (N),0.004
POSNW16,12/17/2019,Nitrate-Nitrite (N),0.496704183
POSNW16,12/17/2019,Orthophosphate (P),0.807797131
POSNW16,11/20/2019,Ammonia (N),0.004
POSNW16,11/20/2019,Nitrate-Nitrite (N),0.813651277
POSNW16,11/20/2019,Orthophosphate (P),0.669823684
POSNW16,11/6/2019,Ammonia (N),0.022765809
POSNW16,11/6/2019,Nitrate-Nitrite (N),0.794062088
POSNW16,11/6/2019,Orthophosphate (P),0.861687885
POSNW16,10/23/2019,Ammonia (N),0.004
POSNW16,10/23/2019,Nitrate-Nitrite (N),0.608738862
POSNW16,10/23/2019,Orthophosphate (P),0.78746521
POSNW16,10/9/2019,Ammonia (N),0.004
POSNW16,10/9/2019,Nitrate-Nitrite (N),0.361746684
POSNW16,10/9/2019,Orthophosphate (P),0.719085284
POSNW16,9/25/2019,Ammonia (N),0.005619363
POSNW16,9/25/2019,Nitrate-Nitrite (N),0.944815202
POSNW16,9/25/2019,Orthophosphate (P),0.848514495
POSNW16,9/11/2019,Ammonia (N),0.004
POSNW16,9/11/2019,Nitrate-Nitrite (N),0.790758277
POSNW16,9/11/2019,Orthophosphate (P),0.824074415
POSNW16,8/28/2019,Ammonia (N),0.004
POSNW16,8/28/2019,Nitrate-Nitrite (N),0.32471532
POSNW16,8/28/2019,Orthophosphate (P),0.698945184
POSNW16,8/14/2019,Ammonia (N),0.009247925
POSNW16,8/14/2019,Nitrate-Nitrite (N),0.420699342
POSNW16,8/14/2019,Orthophosphate (P),0.643305473
POSNW16,7/29/2019,Ammonia (N),0.004
POSNW16,7/29/2019,Nitrate-Nitrite (N),0.385062911
POSNW16,7/29/2019,Orthophosphate (P),0.69162048
POSNW16,7/9/2019,Ammonia (N),0.007576791
POSNW16,7/9/2019,Nitrate-Nitrite (N),0.615721905
POSNW16,7/9/2019,Orthophosphate (P),0.762166592
POSNW16,6/18/2019,Ammonia (N),0.004
POSNW16,6/18/2019,Nitrate-Nitrite (N),0.349580161
POSNW16,6/18/2019,Orthophosphate (P),0.605797475
POSNW16,6/6/2019,Ammonia (N),0.010629024
POSNW16,6/6/2019,Nitrate-Nitrite (N),0.421618398
POSNW16,6/6/2019,Orthophosphate (P),0.573628725
POSNW16,5/24/2019,Ammonia (N),0.034515247
POSNW16,5/24/2019,Nitrate-Nitrite (N),1.02522405
POSNW16,5/24/2019,Orthophosphate (P),0.96701066
POSNW16,5/7/2019,Ammonia (N),0.01452568
POSNW16,5/7/2019,Nitrate-Nitrite (N),0.704219766
POSNW16,5/7/2019,Orthophosphate (P),0.853631541
POSNW16,4/24/2019,Ammonia (N),0.004
POSNW16,4/24/2019,Nitrate-Nitrite (N),0.841106817
POSNW16,4/24/2019,Orthophosphate (P),0.871654425
POSNW16,4/3/2019,Ammonia (N),0.899957793
POSNW16,4/3/2019,Nitrate-Nitrite (N),0.681780075
POSNW16,4/3/2019,Orthophosphate (P),0.757487159
POSNW16,3/22/2019,Ammonia (N),0.348056814
POSNW16,3/22/2019,Nitrate-Nitrite (N),0.839407411
POSNW16,3/22/2019,Orthophosphate (P),0.879161554
POSNW16,2/20/2019,Ammonia (N),0.073558593
POSNW16,2/20/2019,Nitrate-Nitrite (N),0.617580292
POSNW16,2/20/2019,Orthophosphate (P),0.848777123
POSNW16,2/6/2019,Ammonia (N),0.944780045
POSNW16,2/6/2019,Nitrate-Nitrite (N),0.51047336
POSNW16,2/6/2019,Orthophosphate (P),0.682294673
POSNW16,1/25/2019,Ammonia (N),0.004
POSNW16,1/25/2019,Nitrate-Nitrite (N),0.240529078
POSNW16,1/25/2019,Orthophosphate (P),0.461518941
POSNW16,1/18/2019,Ammonia (N),0.45116362
POSNW16,1/18/2019,Nitrate-Nitrite (N),0.722570988
POSNW16,1/18/2019,Orthophosphate (P),0.665968204
POSNW16,1/4/2019,Ammonia (N),0.02522013
POSNW16,1/4/2019,Nitrate-Nitrite (N),0.511787656
POSNW16,1/4/2019,Orthophosphate (P),0.753489016
POSNW16,12/20/2018,Ammonia (N),0.493899699
POSNW16,12/20/2018,Nitrate-Nitrite (N),0.394643149
POSNW16,12/20/2018,Orthophosphate (P),0.23095821
POSNW16,12/5/2018,Ammonia (N),0.466516284
POSNW16,12/5/2018,Nitrate-Nitrite (N),0.58466421
POSNW16,12/5/2018,Orthophosphate (P),0.712456169
POSNW16,11/29/2018,Ammonia (N),0.175401873
POSNW16,11/29/2018,Nitrate-Nitrite (N),0.865382712
POSNW16,11/29/2018,Orthophosphate (P),0.855695326
POSNW16,11/13/2018,Ammonia (N),0.004
POSNW16,11/13/2018,Nitrate-Nitrite (N),0.812555392
POSNW16,11/13/2018,Orthophosphate (P),1.044708513
POSNW16,11/8/2018,Ammonia (N),0.095039677
POSNW16,11/8/2018,Nitrate-Nitrite (N),0.884256813
POSNW16,11/8/2018,Orthophosphate (P),0.960356116
POSNW16,10/31/2018,Ammonia (N),0.694042216
POSNW16,10/31/2018,Nitrate-Nitrite (N),0.774536144
POSNW16,10/31/2018,Orthophosphate (P),0.872510102
POSNW16,10/18/2018,Ammonia (N),0.051185872
POSNW16,10/18/2018,Nitrate-Nitrite (N),0.967684258
POSNW16,10/18/2018,Orthophosphate (P),1.035501262
POSNW16,9/14/2018,Ammonia (N),0.235285484
POSNW16,9/14/2018,Nitrate-Nitrite (N),0.652000384
POSNW16,9/14/2018,Orthophosphate (P),0.712402995
SWB,11/5/2020,Ammonia (N),0.072233289
SWB,11/5/2020,Nitrate-Nitrite (N),5.099764349
SWB,11/5/2020,Orthophosphate (P),0.250777889
SWB,10/22/2020,Ammonia (N),0.013835059
SWB,10/22/2020,Nitrate-Nitrite (N),3.177604111
SWB,10/22/2020,Orthophosphate (P),0.090582523
SWB,10/8/2020,Ammonia (N),0.017273802
SWB,10/8/2020,Nitrate-Nitrite (N),2.611691805
SWB,10/8/2020,Orthophosphate (P),0.07173715
SWB,9/10/2020,Ammonia (N),0.01484738
SWB,9/10/2020,Nitrate-Nitrite (N),1.874753674
SWB,9/10/2020,Orthophosphate (P),0.088476886
SWB,8/24/2020,Ammonia (N),0.018225094
SWB,8/24/2020,Nitrate-Nitrite (N),1.965431456
SWB,8/24/2020,Orthophosphate (P),0.104236832
SWB,8/14/2020,Ammonia (N),0.10513478
SWB,8/14/2020,Nitrate-Nitrite (N),2.539583346
SWB,8/14/2020,Orthophosphate (P),0.106524044
SWB,7/28/2020,Ammonia (N),0.113816043
SWB,7/28/2020,Nitrate-Nitrite (N),2.524276858
SWB,7/28/2020,Orthophosphate (P),0.15989332
SWB,7/16/2020,Ammonia (N),0.004
SWB,7/16/2020,Nitrate-Nitrite (N),2.068201304
SWB,7/16/2020,Orthophosphate (P),0.086009799
SWB,6/26/2020,Ammonia (N),0.228007943
SWB,6/26/2020,Nitrate-Nitrite (N),1.790964514
SWB,6/26/2020,Orthophosphate (P),0.051110449
SWB,3/12/2020,Ammonia (N),0.190790641
SWB,3/12/2020,Nitrate-Nitrite (N),4.510959072
SWB,3/12/2020,Orthophosphate (P),0.144846031
SWB,2/28/2020,Ammonia (N),0.035294957
SWB,2/28/2020,Nitrate-Nitrite (N),3.63160499
SWB,2/28/2020,Orthophosphate (P),0.070594401
SWB,2/12/2020,Ammonia (N),0.040132643
SWB,2/12/2020,Nitrate-Nitrite (N),3.776648685
SWB,2/12/2020,Orthophosphate (P),0.079089356
SWB,1/10/2020,Ammonia (N),0.004
SWB,1/10/2020,Nitrate-Nitrite (N),3.996204167
SWB,1/10/2020,Orthophosphate (P),0.127072865
SWB,12/17/2019,Ammonia (N),0.004
SWB,12/17/2019,Nitrate-Nitrite (N),3.53228793
SWB,12/17/2019,Orthophosphate (P),0.083436576
SWB,11/20/2019,Ammonia (N),0.004
SWB,11/20/2019,Nitrate-Nitrite (N),6.129454879
SWB,11/20/2019,Orthophosphate (P),0.195246258
SWB,11/6/2019,Ammonia (N),0.025093052
SWB,11/6/2019,Nitrate-Nitrite (N),2.49023919
SWB,11/6/2019,Orthophosphate (P),0.102139845
SWB,10/23/2019,Ammonia (N),0.004
SWB,10/23/2019,Nitrate-Nitrite (N),2.507706283
SWB,10/23/2019,Orthophosphate (P),0.136776891
SWB,10/9/2019,Ammonia (N),0.004
SWB,10/9/2019,Nitrate-Nitrite (N),2.091056708
SWB,10/9/2019,Orthophosphate (P),0.136125431
SWB,9/25/2019,Ammonia (N),0.004
SWB,9/25/2019,Nitrate-Nitrite (N),1.903725616
SWB,9/25/2019,Orthophosphate (P),0.08258617
SWB,9/11/2019,Ammonia (N),0.004
SWB,9/11/2019,Nitrate-Nitrite (N),1.458109294
SWB,9/11/2019,Orthophosphate (P),0.085925938
SWB,8/28/2019,Ammonia (N),0.499240803
SWB,8/28/2019,Nitrate-Nitrite (N),2.660361276
SWB,8/28/2019,Orthophosphate (P),0.076590271
SWB,8/14/2019,Ammonia (N),0.016416428
SWB,8/14/2019,Nitrate-Nitrite (N),1.832652145
SWB,8/14/2019,Orthophosphate (P),0.062868311
SWB,7/29/2019,Ammonia (N),0.004
SWB,7/29/2019,Nitrate-Nitrite (N),1.348779572
SWB,7/29/2019,Orthophosphate (P),0.162497671
SWB,7/9/2019,Ammonia (N),0.004
SWB,7/9/2019,Nitrate-Nitrite (N),2.953882448
SWB,7/9/2019,Orthophosphate (P),0.477114322
SWB,6/18/2019,Ammonia (N),0.004
SWB,6/18/2019,Nitrate-Nitrite (N),0.87804444
SWB,6/18/2019,Orthophosphate (P),0.135612685
SWB,6/6/2019,Ammonia (N),0.004
SWB,6/6/2019,Nitrate-Nitrite (N),2.173825235
SWB,6/6/2019,Orthophosphate (P),0.189583927
SWB,5/24/2019,Ammonia (N),0.051505364
SWB,5/24/2019,Nitrate-Nitrite (N),3.325712037
SWB,5/24/2019,Orthophosphate (P),0.285742446
SWB,5/7/2019,Ammonia (N),0.204878564
SWB,5/7/2019,Nitrate-Nitrite (N),2.916102684
SWB,5/7/2019,Orthophosphate (P),0.198621277
SWB,4/24/2019,Ammonia (N),0.11303333
SWB,4/24/2019,Nitrate-Nitrite (N),3.659485446
SWB,4/24/2019,Orthophosphate (P),0.491121165
SWB,4/3/2019,Ammonia (N),0.106874854
SWB,4/3/2019,Nitrate-Nitrite (N),3.783203199
SWB,4/3/2019,Orthophosphate (P),0.544450239
SWB,3/22/2019,Ammonia (N),0.82918276
SWB,3/22/2019,Nitrate-Nitrite (N),3.347306844
SWB,3/22/2019,Orthophosphate (P),0.198317844
SWB,2/20/2019,Ammonia (N),0.087650095
SWB,2/20/2019,Nitrate-Nitrite (N),3.054659328
SWB,2/20/2019,Orthophosphate (P),0.144920098
SWB,2/6/2019,Ammonia (N),0.169491984
SWB,2/6/2019,Nitrate-Nitrite (N),3.849808717
SWB,2/6/2019,Orthophosphate (P),0.115485446
SWB,1/25/2019,Ammonia (N),0.098134171
SWB,1/25/2019,Nitrate-Nitrite (N),1.684935075
SWB,1/25/2019,Orthophosphate (P),0.160353724
SWB,1/18/2019,Ammonia (N),0.120590133
SWB,1/18/2019,Nitrate-Nitrite (N),2.789282041
SWB,1/18/2019,Orthophosphate (P),0.153006622
SWB,1/4/2019,Ammonia (N),0.051370604
SWB,1/4/2019,Nitrate-Nitrite (N),2.172366849
SWB,1/4/2019,Orthophosphate (P),0.17857216
SWB,12/20/2018,Ammonia (N),0.178377232
SWB,12/20/2018,Nitrate-Nitrite (N),0.221601075
SWB,12/20/2018,Orthophosphate (P),0.585257741
SWB,12/5/2018,Ammonia (N),0.139178064
SWB,12/5/2018,Nitrate-Nitrite (N),3.370576206
SWB,12/5/2018,Orthophosphate (P),0.635372493
SWB,11/29/2018,Ammonia (N),0.511072932
SWB,11/29/2018,Nitrate-Nitrite (N),6.667169698
SWB,11/29/2018,Orthophosphate (P),0.358410619
SWB,11/13/2018,Ammonia (N),0.018231894
SWB,11/13/2018,Nitrate-Nitrite (N),1.804761952
SWB,11/13/2018,Orthophosphate (P),0.222099311
SWB,11/8/2018,Ammonia (N),0.085800641
SWB,11/8/2018,Nitrate-Nitrite (N),2.281693658
SWB,11/8/2018,Orthophosphate (P),0.990587599
SWB,10/31/2018,Ammonia (N),0.39693209
SWB,10/31/2018,Nitrate-Nitrite (N),2.485821485
SWB,10/31/2018,Orthophosphate (P),0.592673175
SWB,10/18/2018,Ammonia (N),0.142524242
SWB,10/18/2018,Nitrate-Nitrite (N),2.406693227
SWB,10/18/2018,Orthophosphate (P),0.418139072
SWBUP,11/5/2020,Ammonia (N),0.067492773
SWBUP,11/5/2020,Nitrate-Nitrite (N),0.152273825
SWBUP,11/5/2020,Orthophosphate (P),0.136300636
SWBUP,10/22/2020,Ammonia (N),0.007810801
SWBUP,10/22/2020,Nitrate-Nitrite (N),0.08225616
SWBUP,10/22/2020,Orthophosphate (P),0.118736445
SWBUP,10/8/2020,Ammonia (N),0.022549305
SWBUP,10/8/2020,Nitrate-Nitrite (N),0.294984357
SWBUP,10/8/2020,Orthophosphate (P),0.174901032
SWBUP,9/10/2020,Ammonia (N),0.018881513
SWBUP,9/10/2020,Nitrate-Nitrite (N),0.156550707
SWBUP,9/10/2020,Orthophosphate (P),0.132298757
SWBUP,8/24/2020,Ammonia (N),0.023441081
SWBUP,8/24/2020,Nitrate-Nitrite (N),0.272591332
SWBUP,8/24/2020,Orthophosphate (P),0.166804647
SWBUP,8/14/2020,Ammonia (N),0.101468935
SWBUP,8/14/2020,Nitrate-Nitrite (N),0.273394835
SWBUP,8/14/2020,Orthophosphate (P),0.200780147
SWBUP,7/28/2020,Ammonia (N),0.11883142
SWBUP,7/28/2020,Nitrate-Nitrite (N),0.336795488
SWBUP,7/28/2020,Orthophosphate (P),0.205603597
SWBUP,7/16/2020,Ammonia (N),0.004
SWBUP,7/16/2020,Nitrate-Nitrite (N),0.216533333
SWBUP,7/16/2020,Orthophosphate (P),0.120092955
SWBUP,6/26/2020,Ammonia (N),0.196832358
SWBUP,6/26/2020,Nitrate-Nitrite (N),0.197000733
SWBUP,6/26/2020,Orthophosphate (P),0.158657929
SWBUP,3/12/2020,Ammonia (N),0.197589071
SWBUP,3/12/2020,Nitrate-Nitrite (N),0.303244339
SWBUP,3/12/2020,Orthophosphate (P),0.18876217
SWBUP,2/28/2020,Ammonia (N),0.025934876
SWBUP,2/28/2020,Nitrate-Nitrite (N),0.215899036
SWBUP,2/28/2020,Orthophosphate (P),0.169612546
SWBUP,2/12/2020,Ammonia (N),0.021029877
SWBUP,2/12/2020,Nitrate-Nitrite (N),0.179882082
SWBUP,2/12/2020,Orthophosphate (P),0.134519545
SWBUP,1/10/2020,Ammonia (N),0.004
SWBUP,1/10/2020,Nitrate-Nitrite (N),0.263002095
SWBUP,1/10/2020,Orthophosphate (P),0.13516403
SWBUP,12/17/2019,Ammonia (N),0.004
SWBUP,12/17/2019,Nitrate-Nitrite (N),0.159586145
SWBUP,12/17/2019,Orthophosphate (P),0.133075225
SWBUP,11/20/2019,Ammonia (N),0.004
SWBUP,11/20/2019,Nitrate-Nitrite (N),0.354266822
SWBUP,11/20/2019,Orthophosphate (P),0.147183081
SWBUP,11/6/2019,Ammonia (N),0.020083462
SWBUP,11/6/2019,Nitrate-Nitrite (N),0.31927354
SWBUP,11/6/2019,Orthophosphate (P),0.173285305
SWBUP,10/23/2019,Ammonia (N),0.004
SWBUP,10/23/2019,Nitrate-Nitrite (N),0.209486562
SWBUP,10/23/2019,Orthophosphate (P),0.129051189
SWBUP,10/9/2019,Ammonia (N),0.004
SWBUP,10/9/2019,Nitrate-Nitrite (N),0.130829656
SWBUP,10/9/2019,Orthophosphate (P),0.17780378
SWBUP,9/25/2019,Ammonia (N),0.004
SWBUP,9/25/2019,Nitrate-Nitrite (N),0.213322578
SWBUP,9/25/2019,Orthophosphate (P),0.175648132
SWBUP,9/11/2019,Ammonia (N),0.004
SWBUP,9/11/2019,Nitrate-Nitrite (N),0.300202316
SWBUP,9/11/2019,Orthophosphate (P),0.150875892
SWBUP,8/28/2019,Ammonia (N),0.004
SWBUP,8/28/2019,Nitrate-Nitrite (N),0.125899914
SWBUP,8/28/2019,Orthophosphate (P),0.112202491
SWBUP,8/14/2019,Ammonia (N),0.021263528
SWBUP,8/14/2019,Nitrate-Nitrite (N),0.239907033
SWBUP,8/14/2019,Orthophosphate (P),0.120302984
SWBUP,7/29/2019,Ammonia (N),0.004
SWBUP,7/29/2019,Nitrate-Nitrite (N),0.192954114
SWBUP,7/29/2019,Orthophosphate (P),0.095734068
SWBUP,7/9/2019,Ammonia (N),0.004
SWBUP,7/9/2019,Nitrate-Nitrite (N),0.283081643
SWBUP,7/9/2019,Orthophosphate (P),0.169861716
SWBUP,6/18/2019,Ammonia (N),0.004
SWBUP,6/18/2019,Nitrate-Nitrite (N),0.083834323
SWBUP,6/18/2019,Orthophosphate (P),0.060467092
SWBUP,6/6/2019,Ammonia (N),0.029013524
SWBUP,6/6/2019,Nitrate-Nitrite (N),0.130799291
SWBUP,6/6/2019,Orthophosphate (P),0.129649631
SWBUP,5/24/2019,Ammonia (N),0.296897137
SWBUP,5/24/2019,Nitrate-Nitrite (N),0.213397877
SWBUP,5/24/2019,Orthophosphate (P),0.109000762
SWBUP,5/7/2019,Ammonia (N),0.22808369
SWBUP,5/7/2019,Nitrate-Nitrite (N),0.207129338
SWBUP,5/7/2019,Orthophosphate (P),0.107796425
SWBUP,4/24/2019,Ammonia (N),0.446950407
SWBUP,4/24/2019,Nitrate-Nitrite (N),0.195156833
SWBUP,4/24/2019,Orthophosphate (P),0.143789877
TUM441,11/5/2020,Ammonia (N),0.063025181
TUM441,11/5/2020,Nitrate-Nitrite (N),0.093848491
TUM441,11/5/2020,Orthophosphate (P),0.127716614
TUM441,10/22/2020,Ammonia (N),0.004291076
TUM441,10/22/2020,Nitrate-Nitrite (N),0.006474193
TUM441,10/22/2020,Orthophosphate (P),0.114014385
TUM441,10/8/2020,Ammonia (N),0.01610167
TUM441,10/8/2020,Nitrate-Nitrite (N),0.205742231
TUM441,10/8/2020,Orthophosphate (P),0.148998325
TUM441,9/10/2020,Ammonia (N),0.017841267
TUM441,9/10/2020,Nitrate-Nitrite (N),0.143258393
TUM441,9/10/2020,Orthophosphate (P),0.149268197
TUM441,8/24/2020,Ammonia (N),0.007166791
TUM441,8/24/2020,Nitrate-Nitrite (N),0.128214103
TUM441,8/24/2020,Orthophosphate (P),0.116706814
TUM441,8/14/2020,Ammonia (N),0.08343562
TUM441,8/14/2020,Nitrate-Nitrite (N),0.206816238
TUM441,8/14/2020,Orthophosphate (P),0.168488244
TUM441,7/28/2020,Ammonia (N),0.116224337
TUM441,7/28/2020,Nitrate-Nitrite (N),0.237415705
TUM441,7/28/2020,Orthophosphate (P),0.150156265
TUM441,7/16/2020,Ammonia (N),0.004
TUM441,7/16/2020,Nitrate-Nitrite (N),0.242114912
TUM441,7/16/2020,Orthophosphate (P),0.11770379
TUM441,6/26/2020,Ammonia (N),0.167156269
TUM441,6/26/2020,Nitrate-Nitrite (N),0.212880245
TUM441,6/26/2020,Orthophosphate (P),0.108560203
TUM441,3/12/2020,Ammonia (N),0.136660575
TUM441,3/12/2020,Nitrate-Nitrite (N),0.103065417
TUM441,3/12/2020,Orthophosphate (P),0.136099436
TUM441,2/28/2020,Ammonia (N),0.023335034
TUM441,2/28/2020,Nitrate-Nitrite (N),0.123709509
TUM441,2/28/2020,Orthophosphate (P),0.105662354
TUM441,2/12/2020,Ammonia (N),0.01335433
TUM441,2/12/2020,Nitrate-Nitrite (N),0.072479248
TUM441,2/12/2020,Orthophosphate (P),0.12726073
TUM441,1/10/2020,Ammonia (N),0.004
TUM441,1/10/2020,Nitrate-Nitrite (N),0.270205166
TUM441,1/10/2020,Orthophosphate (P),0.130365057
TUM441,12/17/2019,Ammonia (N),0.004
TUM441,12/17/2019,Nitrate-Nitrite (N),0.182098927
TUM441,12/17/2019,Orthophosphate (P),0.151253448
TUM441,12/6/2019,Ammonia (N),0.004
TUM441,12/6/2019,Nitrate-Nitrite (N),0.287818055
TUM441,12/6/2019,Orthophosphate (P),0.120302648
TUM441,11/20/2019,Ammonia (N),0.004
TUM441,11/20/2019,Nitrate-Nitrite (N),1.060821942
TUM441,11/20/2019,Orthophosphate (P),0.151306689
TUM441,11/6/2019,Ammonia (N),0.014741156
TUM441,11/6/2019,Nitrate-Nitrite (N),1.001244736
TUM441,11/6/2019,Orthophosphate (P),0.169409959
TUM441,10/23/2019,Ammonia (N),0.004
TUM441,10/23/2019,Nitrate-Nitrite (N),0.104704782
TUM441,10/23/2019,Orthophosphate (P),0.118080233
TUM441,10/9/2019,Ammonia (N),0.004
TUM441,10/9/2019,Nitrate-Nitrite (N),0.027006717
TUM441,10/9/2019,Orthophosphate (P),0.118060512
TUM441,9/25/2019,Ammonia (N),0.0083889
TUM441,9/25/2019,Nitrate-Nitrite (N),0.433416692
TUM441,9/25/2019,Orthophosphate (P),0.134406444
TUM441,9/11/2019,Ammonia (N),0.004
TUM441,9/11/2019,Nitrate-Nitrite (N),0.401162112
TUM441,9/11/2019,Orthophosphate (P),0.108131886
TUM441,8/28/2019,Ammonia (N),0.004
TUM441,8/28/2019,Nitrate-Nitrite (N),0.161075022
TUM441,8/28/2019,Orthophosphate (P),0.140872853
TUM441,8/14/2019,Ammonia (N),0.042088266
TUM441,8/14/2019,Nitrate-Nitrite (N),0.466579058
TUM441,8/14/2019,Orthophosphate (P),0.108225657
TUM441,7/29/2019,Ammonia (N),0.004
TUM441,7/29/2019,Nitrate-Nitrite (N),0.218116224
TUM441,7/29/2019,Orthophosphate (P),0.02109717
TUM441,7/9/2019,Ammonia (N),0.004
TUM441,7/9/2019,Nitrate-Nitrite (N),0.379100918
TUM441,7/9/2019,Orthophosphate (P),0.147036247
TUM441,6/18/2019,Ammonia (N),0.004
TUM441,6/18/2019,Nitrate-Nitrite (N),0.119945822
TUM441,6/18/2019,Orthophosphate (P),0.137701178
TUM441,6/6/2019,Ammonia (N),0.004
TUM441,6/6/2019,Nitrate-Nitrite (N),0.177705104
TUM441,6/6/2019,Orthophosphate (P),0.038483677
TUM441,5/24/2019,Ammonia (N),0.010782274
TUM441,5/24/2019,Nitrate-Nitrite (N),0.485896901
TUM441,5/24/2019,Orthophosphate (P),0.164904498
TUM441,5/7/2019,Ammonia (N),0.012698967
TUM441,5/7/2019,Nitrate-Nitrite (N),0.244442254
TUM441,5/7/2019,Orthophosphate (P),0.085320827
TUM441,4/24/2019,Ammonia (N),0.13096524
TUM441,4/24/2019,Nitrate-Nitrite (N),0.341277362
TUM441,4/24/2019,Orthophosphate (P),0.163344294
TUM441,4/3/2019,Ammonia (N),0.426694059
TUM441,4/3/2019,Nitrate-Nitrite (N),0.156191039
TUM441,4/3/2019,Orthophosphate (P),0.144735473
TUM441,3/22/2019,Ammonia (N),0.414589919
TUM441,3/22/2019,Nitrate-Nitrite (N),0.110529958
TUM441,3/22/2019,Orthophosphate (P),0.119030173
TUM441,2/20/2019,Ammonia (N),0.101552709
TUM441,2/20/2019,Nitrate-Nitrite (N),0.300461351
TUM441,2/20/2019,Orthophosphate (P),0.124450893
TUM441,2/6/2019,Ammonia (N),0.093850237
TUM441,2/6/2019,Nitrate-Nitrite (N),0.33831811
TUM441,2/6/2019,Orthophosphate (P),0.136839191
TUM441,1/25/2019,Ammonia (N),0.193347828
TUM441,1/25/2019,Nitrate-Nitrite (N),0.215286725
TUM441,1/25/2019,Orthophosphate (P),0.109100145
TUM441,1/18/2019,Ammonia (N),0.072348183
TUM441,1/18/2019,Nitrate-Nitrite (N),0.271300502
TUM441,1/18/2019,Orthophosphate (P),0.077116697
TUM441,1/4/2019,Ammonia (N),0.116468422
TUM441,1/4/2019,Nitrate-Nitrite (N),0.371128037
TUM441,1/4/2019,Orthophosphate (P),0.123954044
TUM441,12/20/2018,Ammonia (N),0.110727264
TUM441,12/20/2018,Nitrate-Nitrite (N),0.102843138
TUM441,12/20/2018,Orthophosphate (P),0.208301322
TUM441,12/5/2018,Ammonia (N),0.192745163
TUM441,12/5/2018,Nitrate-Nitrite (N),0.279691043
TUM441,12/5/2018,Orthophosphate (P),0.40137132
TUM441,11/29/2018,Ammonia (N),0.102885006
TUM441,11/29/2018,Nitrate-Nitrite (N),0.036077285
TUM441,11/29/2018,Orthophosphate (P),0.129118504
TUM441,11/13/2018,Ammonia (N),0.022990008
TUM441,11/13/2018,Nitrate-Nitrite (N),0.119015185
TUM441,11/13/2018,Orthophosphate (P),0.144755649
TUM441,11/8/2018,Ammonia (N),0.246201873
TUM441,11/8/2018,Nitrate-Nitrite (N),0.227217374
TUM441,11/8/2018,Orthophosphate (P),0.621439441
TUM441,10/31/2018,Ammonia (N),1.169554902
TUM441,10/31/2018,Nitrate-Nitrite (N),0.227888373
TUM441,10/31/2018,Orthophosphate (P),0.113086756
TUM441,10/18/2018,Ammonia (N),0.051619475
TUM441,10/18/2018,Nitrate-Nitrite (N),0.196350484
TUM441,10/18/2018,Orthophosphate (P),0.179327685
TUM441,9/14/2018,Ammonia (N),0.307103623
TUM441,9/14/2018,Nitrate-Nitrite (N),0.401155207
TUM441,9/14/2018,Orthophosphate (P),0.12162516
