output,species,iteration,value
y_hat_test,Ammonium-N,0,4.143319606781006
y_hat_test,Ammonium-N,0,1.7093009948730469
y_hat_test,Ammonium-N,0,0.379774272441864
y_hat_test,Ammonium-N,0,3.9547576904296875
y_hat_test,Ammonium-N,0,1.1690073013305664
y_hat_test,Ammonium-N,0,1.3570842742919922
y_hat_test,Ammonium-N,0,6.267559051513672
y_hat_test,Ammonium-N,0,1.3729597330093384
y_hat_test,Ammonium-N,0,3.3730833530426025
y_hat_test,Ammonium-N,0,4.71541690826416
y_hat_test,Ammonium-N,0,0.036176517605781555
y_hat_test,Ammonium-N,0,3.553658962249756
y_hat_test,Ammonium-N,0,0.33086779713630676
y_hat_test,Ammonium-N,0,5.697259426116943
y_hat_test,Ammonium-N,0,0.5440008044242859
y_hat_train,Ammonium-N,0,0.3459548354148865
y_hat_train,Ammonium-N,0,7.147663116455078
y_hat_train,Ammonium-N,0,5.9448723793029785
y_hat_train,Ammonium-N,0,0.23391315340995789
y_hat_train,Ammonium-N,0,0.07956977188587189
y_hat_train,Ammonium-N,0,8.152100563049316
y_hat_train,Ammonium-N,0,0.35390180349349976
y_hat_train,Ammonium-N,0,1.080919623374939
y_hat_train,Ammonium-N,0,0.1444530189037323
y_hat_train,Ammonium-N,0,0.08589687943458557
y_hat_train,Ammonium-N,0,0.1843903809785843
y_hat_train,Ammonium-N,0,6.552274227142334
y_hat_train,Ammonium-N,0,1.554075837135315
y_hat_train,Ammonium-N,0,8.476053237915039
y_hat_train,Ammonium-N,0,6.297689437866211
y_hat_train,Ammonium-N,0,5.066854953765869
y_hat_train,Ammonium-N,0,0.40000319480895996
y_hat_train,Ammonium-N,0,5.74067497253418
y_hat_train,Ammonium-N,0,7.9402174949646
y_hat_train,Ammonium-N,0,0.21460598707199097
y_hat_train,Ammonium-N,0,6.105587482452393
y_hat_train,Ammonium-N,0,0.19262206554412842
y_hat_train,Ammonium-N,0,0.1695636659860611
y_hat_train,Ammonium-N,0,6.6144914627075195
y_hat_train,Ammonium-N,0,1.295640468597412
y_hat_train,Ammonium-N,0,0.1110464483499527
y_hat_train,Ammonium-N,0,0.15044672787189484
y_hat_train,Ammonium-N,0,0.08041566610336304
y_true_train,Ammonium-N,0,0.07
y_true_train,Ammonium-N,0,7.24
y_true_train,Ammonium-N,0,5.86
y_true_train,Ammonium-N,0,0.15
y_true_train,Ammonium-N,0,0.01
y_true_train,Ammonium-N,0,8.22
y_true_train,Ammonium-N,0,0.3
y_true_train,Ammonium-N,0,1.14
y_true_train,Ammonium-N,0,0.1
y_true_train,Ammonium-N,0,0.02
y_true_train,Ammonium-N,0,0.01
y_true_train,Ammonium-N,0,6.51
y_true_train,Ammonium-N,0,1.43
y_true_train,Ammonium-N,0,8.48
y_true_train,Ammonium-N,0,6.23
y_true_train,Ammonium-N,0,4.9
y_true_train,Ammonium-N,0,0.4
y_true_train,Ammonium-N,0,5.6
y_true_train,Ammonium-N,0,7.88
y_true_train,Ammonium-N,0,0.05
y_true_train,Ammonium-N,0,5.98
y_true_train,Ammonium-N,0,0.04
y_true_train,Ammonium-N,0,0.01
y_true_train,Ammonium-N,0,6.6
y_true_train,Ammonium-N,0,1.2
y_true_train,Ammonium-N,0,0.04
y_true_train,Ammonium-N,0,0.05
y_true_train,Ammonium-N,0,0.01
y_true_test,Ammonium-N,0,0.09
y_true_test,Ammonium-N,0,4.03
y_true_test,Ammonium-N,0,0.01
y_true_test,Ammonium-N,0,0.02
y_true_test,Ammonium-N,0,0.03
y_true_test,Ammonium-N,0,6.92
y_true_test,Ammonium-N,0,0.1
y_true_test,Ammonium-N,0,0.02
y_true_test,Ammonium-N,0,0.01
y_true_test,Ammonium-N,0,0.01
y_true_test,Ammonium-N,0,0.01
y_true_test,Ammonium-N,0,0.08
y_true_test,Ammonium-N,0,0.06
y_true_test,Ammonium-N,0,0.07
y_true_test,Ammonium-N,0,7.81
test_ind,Ammonium-N,0,30.0
test_ind,Ammonium-N,0,10.0
test_ind,Ammonium-N,0,4.0
test_ind,Ammonium-N,0,12.0
test_ind,Ammonium-N,0,41.0
test_ind,Ammonium-N,0,5.0
test_ind,Ammonium-N,0,45.0
test_ind,Ammonium-N,0,20.0
test_ind,Ammonium-N,0,51.0
test_ind,Ammonium-N,0,11.0
test_ind,Ammonium-N,0,8.0
test_ind,Ammonium-N,0,25.0
test_ind,Ammonium-N,0,15.0
test_ind,Ammonium-N,0,13.0
test_ind,Ammonium-N,0,14.0
train_ind,Ammonium-N,0,23.0
train_ind,Ammonium-N,0,24.0
train_ind,Ammonium-N,0,31.0
train_ind,Ammonium-N,0,17.0
train_ind,Ammonium-N,0,6.0
train_ind,Ammonium-N,0,35.0
train_ind,Ammonium-N,0,46.0
train_ind,Ammonium-N,0,36.0
train_ind,Ammonium-N,0,37.0
train_ind,Ammonium-N,0,50.0
train_ind,Ammonium-N,0,40.0
train_ind,Ammonium-N,0,1.0
train_ind,Ammonium-N,0,26.0
train_ind,Ammonium-N,0,27.0
train_ind,Ammonium-N,0,18.0
train_ind,Ammonium-N,0,32.0
train_ind,Ammonium-N,0,22.0
train_ind,Ammonium-N,0,48.0
train_ind,Ammonium-N,0,33.0
train_ind,Ammonium-N,0,16.0
train_ind,Ammonium-N,0,9.0
train_ind,Ammonium-N,0,42.0
train_ind,Ammonium-N,0,34.0
train_ind,Ammonium-N,0,43.0
train_ind,Ammonium-N,0,49.0
train_ind,Ammonium-N,0,21.0
train_ind,Ammonium-N,0,19.0
train_ind,Ammonium-N,0,56.0
test_rsq,Ammonium-N,0,-1.3863753490856614
train_rsq,Ammonium-N,0,0.9988043148936065
test_rmse,Ammonium-N,0,3.9966584420619156
train_rmse,Ammonium-N,0,0.11109971591850172
y_hat_test,Phosphorus,0,33.10102081298828
y_hat_test,Phosphorus,0,36.82962417602539
y_hat_test,Phosphorus,0,30.8220157623291
y_hat_test,Phosphorus,0,36.80865478515625
y_hat_test,Phosphorus,0,36.17475509643555
y_hat_test,Phosphorus,0,32.468955993652344
y_hat_test,Phosphorus,0,45.19025421142578
y_hat_test,Phosphorus,0,28.36029624938965
y_hat_test,Phosphorus,0,37.3876953125
y_hat_test,Phosphorus,0,37.04911804199219
y_hat_test,Phosphorus,0,24.677579879760742
y_hat_test,Phosphorus,0,36.05024337768555
y_hat_test,Phosphorus,0,34.135353088378906
y_hat_test,Phosphorus,0,40.629268646240234
y_hat_test,Phosphorus,0,32.76725769042969
y_hat_train,Phosphorus,0,31.248262405395508
y_hat_train,Phosphorus,0,40.46541976928711
y_hat_train,Phosphorus,0,40.03154754638672
y_hat_train,Phosphorus,0,27.26236915588379
y_hat_train,Phosphorus,0,21.320863723754883
y_hat_train,Phosphorus,0,39.799198150634766
y_hat_train,Phosphorus,0,37.90738296508789
y_hat_train,Phosphorus,0,38.49739456176758
y_hat_train,Phosphorus,0,37.5096435546875
y_hat_train,Phosphorus,0,39.874786376953125
y_hat_train,Phosphorus,0,37.02627182006836
y_hat_train,Phosphorus,0,27.927669525146484
y_hat_train,Phosphorus,0,38.05696105957031
y_hat_train,Phosphorus,0,39.05514144897461
y_hat_train,Phosphorus,0,33.16572189331055
y_hat_train,Phosphorus,0,43.08430099487305
y_hat_train,Phosphorus,0,0.8810359239578247
y_hat_train,Phosphorus,0,42.121280670166016
y_hat_train,Phosphorus,0,42.71025466918945
y_hat_train,Phosphorus,0,29.259265899658203
y_hat_train,Phosphorus,0,30.16681480407715
y_hat_train,Phosphorus,0,29.66915512084961
y_hat_train,Phosphorus,0,40.610145568847656
y_hat_train,Phosphorus,0,40.23363494873047
y_hat_train,Phosphorus,0,40.269840240478516
y_hat_train,Phosphorus,0,1.1443860530853271
y_hat_train,Phosphorus,0,31.411819458007812
y_hat_train,Phosphorus,0,37.422306060791016
y_true_train,Phosphorus,0,30.73
y_true_train,Phosphorus,0,40.93
y_true_train,Phosphorus,0,39.97
y_true_train,Phosphorus,0,26.41
y_true_train,Phosphorus,0,20.45
y_true_train,Phosphorus,0,39.59
y_true_train,Phosphorus,0,37.39
y_true_train,Phosphorus,0,38.7
y_true_train,Phosphorus,0,36.92
y_true_train,Phosphorus,0,39.46
y_true_train,Phosphorus,0,36.73
y_true_train,Phosphorus,0,27.01
y_true_train,Phosphorus,0,37.55
y_true_train,Phosphorus,0,39.01
y_true_train,Phosphorus,0,32.6
y_true_train,Phosphorus,0,43.15
y_true_train,Phosphorus,0,0.36
y_true_train,Phosphorus,0,42.59
y_true_train,Phosphorus,0,42.23
y_true_train,Phosphorus,0,28.61
y_true_train,Phosphorus,0,29.75
y_true_train,Phosphorus,0,29.16
y_true_train,Phosphorus,0,40.3
y_true_train,Phosphorus,0,39.94
y_true_train,Phosphorus,0,39.81
y_true_train,Phosphorus,0,0.56
y_true_train,Phosphorus,0,30.43
y_true_train,Phosphorus,0,37.08
y_true_test,Phosphorus,0,27.12
y_true_test,Phosphorus,0,30.85
y_true_test,Phosphorus,0,32.98
y_true_test,Phosphorus,0,17.44
y_true_test,Phosphorus,0,40.14
y_true_test,Phosphorus,0,23.37
y_true_test,Phosphorus,0,38.56
y_true_test,Phosphorus,0,39.22
y_true_test,Phosphorus,0,40.45
y_true_test,Phosphorus,0,26.49
y_true_test,Phosphorus,0,21.72
y_true_test,Phosphorus,0,48.99
y_true_test,Phosphorus,0,34.11
y_true_test,Phosphorus,0,25.04
y_true_test,Phosphorus,0,30.16
test_ind,Phosphorus,0,30.0
test_ind,Phosphorus,0,10.0
test_ind,Phosphorus,0,4.0
test_ind,Phosphorus,0,12.0
test_ind,Phosphorus,0,41.0
test_ind,Phosphorus,0,5.0
test_ind,Phosphorus,0,45.0
test_ind,Phosphorus,0,20.0
test_ind,Phosphorus,0,51.0
test_ind,Phosphorus,0,11.0
test_ind,Phosphorus,0,8.0
test_ind,Phosphorus,0,25.0
test_ind,Phosphorus,0,15.0
test_ind,Phosphorus,0,13.0
test_ind,Phosphorus,0,14.0
train_ind,Phosphorus,0,23.0
train_ind,Phosphorus,0,24.0
train_ind,Phosphorus,0,31.0
train_ind,Phosphorus,0,17.0
train_ind,Phosphorus,0,6.0
train_ind,Phosphorus,0,35.0
train_ind,Phosphorus,0,46.0
train_ind,Phosphorus,0,36.0
train_ind,Phosphorus,0,37.0
train_ind,Phosphorus,0,50.0
train_ind,Phosphorus,0,40.0
train_ind,Phosphorus,0,1.0
train_ind,Phosphorus,0,26.0
train_ind,Phosphorus,0,27.0
train_ind,Phosphorus,0,18.0
train_ind,Phosphorus,0,32.0
train_ind,Phosphorus,0,22.0
train_ind,Phosphorus,0,48.0
train_ind,Phosphorus,0,33.0
train_ind,Phosphorus,0,16.0
train_ind,Phosphorus,0,9.0
train_ind,Phosphorus,0,42.0
train_ind,Phosphorus,0,34.0
train_ind,Phosphorus,0,43.0
train_ind,Phosphorus,0,49.0
train_ind,Phosphorus,0,21.0
train_ind,Phosphorus,0,19.0
train_ind,Phosphorus,0,56.0
test_rsq,Phosphorus,0,-0.22718188487511615
train_rsq,Phosphorus,0,0.9975698712784447
test_rmse,Phosphorus,0,9.160126635111052
train_rmse,Phosphorus,0,0.5261563910928814
y_hat_test,Potassium,0,130.29794311523438
y_hat_test,Potassium,0,124.25279235839844
y_hat_test,Potassium,0,10.034427642822266
y_hat_test,Potassium,0,159.2209014892578
y_hat_test,Potassium,0,109.37858581542969
y_hat_test,Potassium,0,26.81022071838379
y_hat_test,Potassium,0,162.2073974609375
y_hat_test,Potassium,0,112.36805725097656
y_hat_test,Potassium,0,150.88682556152344
y_hat_test,Potassium,0,132.79885864257812
y_hat_test,Potassium,0,105.96167755126953
y_hat_test,Potassium,0,138.68194580078125
y_hat_test,Potassium,0,122.4942855834961
y_hat_test,Potassium,0,138.4143524169922
y_hat_test,Potassium,0,101.12743377685547
y_hat_train,Potassium,0,126.05274200439453
y_hat_train,Potassium,0,156.05331420898438
y_hat_train,Potassium,0,151.352783203125
y_hat_train,Potassium,0,135.43402099609375
y_hat_train,Potassium,0,0.8228341341018677
y_hat_train,Potassium,0,147.48760986328125
y_hat_train,Potassium,0,145.1310272216797
y_hat_train,Potassium,0,131.48086547851562
y_hat_train,Potassium,0,97.04950714111328
y_hat_train,Potassium,0,71.14508819580078
y_hat_train,Potassium,0,36.50733184814453
y_hat_train,Potassium,0,127.27928924560547
y_hat_train,Potassium,0,135.01943969726562
y_hat_train,Potassium,0,147.4265594482422
y_hat_train,Potassium,0,146.3959503173828
y_hat_train,Potassium,0,152.5782470703125
y_hat_train,Potassium,0,170.93263244628906
y_hat_train,Potassium,0,165.6292724609375
y_hat_train,Potassium,0,154.31661987304688
y_hat_train,Potassium,0,130.63760375976562
y_hat_train,Potassium,0,155.13624572753906
y_hat_train,Potassium,0,53.929222106933594
y_hat_train,Potassium,0,115.60311126708984
y_hat_train,Potassium,0,150.68267822265625
y_hat_train,Potassium,0,140.16470336914062
y_hat_train,Potassium,0,93.6198501586914
y_hat_train,Potassium,0,133.69444274902344
y_hat_train,Potassium,0,148.99424743652344
y_true_train,Potassium,0,124.81
y_true_train,Potassium,0,156.89
y_true_train,Potassium,0,151.74
y_true_train,Potassium,0,135.15
y_true_train,Potassium,0,0.04
y_true_train,Potassium,0,147.73
y_true_train,Potassium,0,144.44
y_true_train,Potassium,0,132.47
y_true_train,Potassium,0,97.54
y_true_train,Potassium,0,68.48
y_true_train,Potassium,0,34.01
y_true_train,Potassium,0,126.74
y_true_train,Potassium,0,134.37
y_true_train,Potassium,0,146.43
y_true_train,Potassium,0,146.1
y_true_train,Potassium,0,152.15
y_true_train,Potassium,0,173.42
y_true_train,Potassium,0,166.52
y_true_train,Potassium,0,154.73
y_true_train,Potassium,0,129.56
y_true_train,Potassium,0,155.36
y_true_train,Potassium,0,53.24
y_true_train,Potassium,0,113.82
y_true_train,Potassium,0,150.84
y_true_train,Potassium,0,140.33
y_true_train,Potassium,0,92.92
y_true_train,Potassium,0,133.2
y_true_train,Potassium,0,148.9
y_true_test,Potassium,0,68.2
y_true_test,Potassium,0,178.82
y_true_test,Potassium,0,101.19
y_true_test,Potassium,0,165.44
y_true_test,Potassium,0,119.87
y_true_test,Potassium,0,117.55
y_true_test,Potassium,0,83.25
y_true_test,Potassium,0,135.33
y_true_test,Potassium,0,131.62
y_true_test,Potassium,0,174.05
y_true_test,Potassium,0,141.2
y_true_test,Potassium,0,72.39
y_true_test,Potassium,0,123.86
y_true_test,Potassium,0,87.39
y_true_test,Potassium,0,124.9
test_ind,Potassium,0,30.0
test_ind,Potassium,0,10.0
test_ind,Potassium,0,4.0
test_ind,Potassium,0,12.0
test_ind,Potassium,0,41.0
test_ind,Potassium,0,5.0
test_ind,Potassium,0,45.0
test_ind,Potassium,0,20.0
test_ind,Potassium,0,51.0
test_ind,Potassium,0,11.0
test_ind,Potassium,0,8.0
test_ind,Potassium,0,25.0
test_ind,Potassium,0,15.0
test_ind,Potassium,0,13.0
test_ind,Potassium,0,14.0
train_ind,Potassium,0,23.0
train_ind,Potassium,0,24.0
train_ind,Potassium,0,31.0
train_ind,Potassium,0,17.0
train_ind,Potassium,0,6.0
train_ind,Potassium,0,35.0
train_ind,Potassium,0,46.0
train_ind,Potassium,0,36.0
train_ind,Potassium,0,37.0
train_ind,Potassium,0,50.0
train_ind,Potassium,0,40.0
train_ind,Potassium,0,1.0
train_ind,Potassium,0,26.0
train_ind,Potassium,0,27.0
train_ind,Potassium,0,18.0
train_ind,Potassium,0,32.0
train_ind,Potassium,0,22.0
train_ind,Potassium,0,48.0
train_ind,Potassium,0,33.0
train_ind,Potassium,0,16.0
train_ind,Potassium,0,9.0
train_ind,Potassium,0,42.0
train_ind,Potassium,0,34.0
train_ind,Potassium,0,43.0
train_ind,Potassium,0,49.0
train_ind,Potassium,0,21.0
train_ind,Potassium,0,19.0
train_ind,Potassium,0,56.0
test_rsq,Potassium,0,-1.4235320822598507
train_rsq,Potassium,0,0.9992847063947589
test_rmse,Potassium,0,52.38750632807743
train_rmse,Potassium,0,1.0851515740614586
y_hat_test,Calcium,0,188.8689727783203
y_hat_test,Calcium,0,190.2370147705078
y_hat_test,Calcium,0,200.6548614501953
y_hat_test,Calcium,0,173.7516632080078
y_hat_test,Calcium,0,214.96983337402344
y_hat_test,Calcium,0,169.42864990234375
y_hat_test,Calcium,0,186.8060760498047
y_hat_test,Calcium,0,161.7312774658203
y_hat_test,Calcium,0,187.448486328125
y_hat_test,Calcium,0,172.97715759277344
y_hat_test,Calcium,0,163.00177001953125
y_hat_test,Calcium,0,169.04544067382812
y_hat_test,Calcium,0,205.54275512695312
y_hat_test,Calcium,0,199.6389617919922
y_hat_test,Calcium,0,197.51675415039062
y_hat_train,Calcium,0,175.13661193847656
y_hat_train,Calcium,0,166.47203063964844
y_hat_train,Calcium,0,165.15052795410156
y_hat_train,Calcium,0,149.29116821289062
y_hat_train,Calcium,0,192.781005859375
y_hat_train,Calcium,0,161.38185119628906
y_hat_train,Calcium,0,160.56463623046875
y_hat_train,Calcium,0,168.8940887451172
y_hat_train,Calcium,0,190.3022003173828
y_hat_train,Calcium,0,214.48143005371094
y_hat_train,Calcium,0,232.61013793945312
y_hat_train,Calcium,0,163.6881103515625
y_hat_train,Calcium,0,173.3966064453125
y_hat_train,Calcium,0,162.74169921875
y_hat_train,Calcium,0,140.82127380371094
y_hat_train,Calcium,0,174.38876342773438
y_hat_train,Calcium,0,165.84109497070312
y_hat_train,Calcium,0,178.79449462890625
y_hat_train,Calcium,0,169.0412139892578
y_hat_train,Calcium,0,161.73724365234375
y_hat_train,Calcium,0,155.71246337890625
y_hat_train,Calcium,0,224.01980590820312
y_hat_train,Calcium,0,187.55380249023438
y_hat_train,Calcium,0,165.4137420654297
y_hat_train,Calcium,0,177.06509399414062
y_hat_train,Calcium,0,212.81466674804688
y_hat_train,Calcium,0,172.90284729003906
y_hat_train,Calcium,0,176.7095184326172
y_true_train,Calcium,0,175.27
y_true_train,Calcium,0,168.5
y_true_train,Calcium,0,164.68
y_true_train,Calcium,0,146.95
y_true_train,Calcium,0,193.18
y_true_train,Calcium,0,160.6
y_true_train,Calcium,0,161.55
y_true_train,Calcium,0,167.96
y_true_train,Calcium,0,191.18
y_true_train,Calcium,0,215.7
y_true_train,Calcium,0,234.02
y_true_train,Calcium,0,163.76
y_true_train,Calcium,0,172.72
y_true_train,Calcium,0,163.87
y_true_train,Calcium,0,139.2
y_true_train,Calcium,0,175.51
y_true_train,Calcium,0,164.23
y_true_train,Calcium,0,178.12
y_true_train,Calcium,0,166.81
y_true_train,Calcium,0,161.92
y_true_train,Calcium,0,156.53
y_true_train,Calcium,0,227.77
y_true_train,Calcium,0,192.15
y_true_train,Calcium,0,167.27
y_true_train,Calcium,0,177.94
y_true_train,Calcium,0,216.41
y_true_train,Calcium,0,173.5
y_true_train,Calcium,0,177.3
y_true_test,Calcium,0,213.91
y_true_test,Calcium,0,178.99
y_true_test,Calcium,0,159.73
y_true_test,Calcium,0,184.08
y_true_test,Calcium,0,201.47
y_true_test,Calcium,0,152.68
y_true_test,Calcium,0,229.2
y_true_test,Calcium,0,167.0
y_true_test,Calcium,0,181.7
y_true_test,Calcium,0,177.32
y_true_test,Calcium,0,150.67
y_true_test,Calcium,0,222.34
y_true_test,Calcium,0,165.12
y_true_test,Calcium,0,175.84
y_true_test,Calcium,0,147.45
test_ind,Calcium,0,30.0
test_ind,Calcium,0,10.0
test_ind,Calcium,0,4.0
test_ind,Calcium,0,12.0
test_ind,Calcium,0,41.0
test_ind,Calcium,0,5.0
test_ind,Calcium,0,45.0
test_ind,Calcium,0,20.0
test_ind,Calcium,0,51.0
test_ind,Calcium,0,11.0
test_ind,Calcium,0,8.0
test_ind,Calcium,0,25.0
test_ind,Calcium,0,15.0
test_ind,Calcium,0,13.0
test_ind,Calcium,0,14.0
train_ind,Calcium,0,23.0
train_ind,Calcium,0,24.0
train_ind,Calcium,0,31.0
train_ind,Calcium,0,17.0
train_ind,Calcium,0,6.0
train_ind,Calcium,0,35.0
train_ind,Calcium,0,46.0
train_ind,Calcium,0,36.0
train_ind,Calcium,0,37.0
train_ind,Calcium,0,50.0
train_ind,Calcium,0,40.0
train_ind,Calcium,0,1.0
train_ind,Calcium,0,26.0
train_ind,Calcium,0,27.0
train_ind,Calcium,0,18.0
train_ind,Calcium,0,32.0
train_ind,Calcium,0,22.0
train_ind,Calcium,0,48.0
train_ind,Calcium,0,33.0
train_ind,Calcium,0,16.0
train_ind,Calcium,0,9.0
train_ind,Calcium,0,42.0
train_ind,Calcium,0,34.0
train_ind,Calcium,0,43.0
train_ind,Calcium,0,49.0
train_ind,Calcium,0,21.0
train_ind,Calcium,0,19.0
train_ind,Calcium,0,56.0
test_rsq,Calcium,0,-0.3473002447086275
train_rsq,Calcium,0,0.994041937413175
test_rmse,Calcium,0,28.953056001392213
train_rmse,Calcium,0,1.7328158950219155
y_hat_test,Magnesium,0,54.54340362548828
y_hat_test,Magnesium,0,50.825443267822266
y_hat_test,Magnesium,0,50.81766128540039
y_hat_test,Magnesium,0,48.397979736328125
y_hat_test,Magnesium,0,60.3937873840332
y_hat_test,Magnesium,0,43.69437026977539
y_hat_test,Magnesium,0,48.07102966308594
y_hat_test,Magnesium,0,47.44081115722656
y_hat_test,Magnesium,0,53.250946044921875
y_hat_test,Magnesium,0,48.11376953125
y_hat_test,Magnesium,0,49.82797622680664
y_hat_test,Magnesium,0,49.90369415283203
y_hat_test,Magnesium,0,55.3638801574707
y_hat_test,Magnesium,0,52.06480407714844
y_hat_test,Magnesium,0,54.7386474609375
y_hat_train,Magnesium,0,50.414215087890625
y_hat_train,Magnesium,0,46.839664459228516
y_hat_train,Magnesium,0,45.76986312866211
y_hat_train,Magnesium,0,43.08666229248047
y_hat_train,Magnesium,0,49.266151428222656
y_hat_train,Magnesium,0,44.850059509277344
y_hat_train,Magnesium,0,43.043556213378906
y_hat_train,Magnesium,0,47.4732666015625
y_hat_train,Magnesium,0,53.78628158569336
y_hat_train,Magnesium,0,61.17801284790039
y_hat_train,Magnesium,0,65.98138427734375
y_hat_train,Magnesium,0,40.76028060913086
y_hat_train,Magnesium,0,47.983787536621094
y_hat_train,Magnesium,0,45.036441802978516
y_hat_train,Magnesium,0,39.27297592163086
y_hat_train,Magnesium,0,48.619544982910156
y_hat_train,Magnesium,0,45.51968002319336
y_hat_train,Magnesium,0,49.69997787475586
y_hat_train,Magnesium,0,45.5235710144043
y_hat_train,Magnesium,0,50.640357971191406
y_hat_train,Magnesium,0,43.72905731201172
y_hat_train,Magnesium,0,64.73667907714844
y_hat_train,Magnesium,0,53.53456497192383
y_hat_train,Magnesium,0,46.35102844238281
y_hat_train,Magnesium,0,47.271610260009766
y_hat_train,Magnesium,0,60.979034423828125
y_hat_train,Magnesium,0,53.78144836425781
y_hat_train,Magnesium,0,45.654850006103516
y_true_train,Magnesium,0,49.92
y_true_train,Magnesium,0,47.22
y_true_train,Magnesium,0,45.81
y_true_train,Magnesium,0,43.04
y_true_train,Magnesium,0,49.19
y_true_train,Magnesium,0,44.8
y_true_train,Magnesium,0,43.13
y_true_train,Magnesium,0,47.54
y_true_train,Magnesium,0,53.38
y_true_train,Magnesium,0,61.08
y_true_train,Magnesium,0,65.83
y_true_train,Magnesium,0,40.63
y_true_train,Magnesium,0,47.82
y_true_train,Magnesium,0,45.22
y_true_train,Magnesium,0,38.91
y_true_train,Magnesium,0,48.9
y_true_train,Magnesium,0,45.39
y_true_train,Magnesium,0,49.58
y_true_train,Magnesium,0,45.31
y_true_train,Magnesium,0,50.24
y_true_train,Magnesium,0,43.72
y_true_train,Magnesium,0,65.32
y_true_train,Magnesium,0,53.4
y_true_train,Magnesium,0,45.99
y_true_train,Magnesium,0,47.54
y_true_train,Magnesium,0,61.15
y_true_train,Magnesium,0,53.25
y_true_train,Magnesium,0,45.78
y_true_test,Magnesium,0,61.91
y_true_test,Magnesium,0,53.64
y_true_test,Magnesium,0,30.37
y_true_test,Magnesium,0,53.97
y_true_test,Magnesium,0,57.24
y_true_test,Magnesium,0,33.62
y_true_test,Magnesium,0,63.69
y_true_test,Magnesium,0,47.84
y_true_test,Magnesium,0,49.6
y_true_test,Magnesium,0,50.35
y_true_test,Magnesium,0,42.36
y_true_test,Magnesium,0,64.95
y_true_test,Magnesium,0,50.45
y_true_test,Magnesium,0,50.02
y_true_test,Magnesium,0,42.32
test_ind,Magnesium,0,30.0
test_ind,Magnesium,0,10.0
test_ind,Magnesium,0,4.0
test_ind,Magnesium,0,12.0
test_ind,Magnesium,0,41.0
test_ind,Magnesium,0,5.0
test_ind,Magnesium,0,45.0
test_ind,Magnesium,0,20.0
test_ind,Magnesium,0,51.0
test_ind,Magnesium,0,11.0
test_ind,Magnesium,0,8.0
test_ind,Magnesium,0,25.0
test_ind,Magnesium,0,15.0
test_ind,Magnesium,0,13.0
test_ind,Magnesium,0,14.0
train_ind,Magnesium,0,23.0
train_ind,Magnesium,0,24.0
train_ind,Magnesium,0,31.0
train_ind,Magnesium,0,17.0
train_ind,Magnesium,0,6.0
train_ind,Magnesium,0,35.0
train_ind,Magnesium,0,46.0
train_ind,Magnesium,0,36.0
train_ind,Magnesium,0,37.0
train_ind,Magnesium,0,50.0
train_ind,Magnesium,0,40.0
train_ind,Magnesium,0,1.0
train_ind,Magnesium,0,26.0
train_ind,Magnesium,0,27.0
train_ind,Magnesium,0,18.0
train_ind,Magnesium,0,32.0
train_ind,Magnesium,0,22.0
train_ind,Magnesium,0,48.0
train_ind,Magnesium,0,33.0
train_ind,Magnesium,0,16.0
train_ind,Magnesium,0,9.0
train_ind,Magnesium,0,42.0
train_ind,Magnesium,0,34.0
train_ind,Magnesium,0,43.0
train_ind,Magnesium,0,49.0
train_ind,Magnesium,0,21.0
train_ind,Magnesium,0,19.0
train_ind,Magnesium,0,56.0
test_rsq,Magnesium,0,0.04258308189117754
train_rsq,Magnesium,0,0.9984033408435404
test_rmse,Magnesium,0,9.486608104398497
train_rmse,Magnesium,0,0.268838661144664
y_hat_test,Sulfate,0,198.02085876464844
y_hat_test,Sulfate,0,198.2292022705078
y_hat_test,Sulfate,0,214.8446044921875
y_hat_test,Sulfate,0,185.90451049804688
y_hat_test,Sulfate,0,234.8100128173828
y_hat_test,Sulfate,0,187.52418518066406
y_hat_test,Sulfate,0,173.65579223632812
y_hat_test,Sulfate,0,183.39320373535156
y_hat_test,Sulfate,0,183.98336791992188
y_hat_test,Sulfate,0,186.0415802001953
y_hat_test,Sulfate,0,173.89723205566406
y_hat_test,Sulfate,0,176.298828125
y_hat_test,Sulfate,0,211.25503540039062
y_hat_test,Sulfate,0,202.6523895263672
y_hat_test,Sulfate,0,210.08717346191406
y_hat_train,Sulfate,0,180.52374267578125
y_hat_train,Sulfate,0,169.817138671875
y_hat_train,Sulfate,0,160.8486328125
y_hat_train,Sulfate,0,158.56053161621094
y_hat_train,Sulfate,0,220.1180877685547
y_hat_train,Sulfate,0,170.09384155273438
y_hat_train,Sulfate,0,159.47659301757812
y_hat_train,Sulfate,0,173.43283081054688
y_hat_train,Sulfate,0,200.77044677734375
y_hat_train,Sulfate,0,236.8469696044922
y_hat_train,Sulfate,0,255.27166748046875
y_hat_train,Sulfate,0,149.74234008789062
y_hat_train,Sulfate,0,169.46372985839844
y_hat_train,Sulfate,0,163.47776794433594
y_hat_train,Sulfate,0,139.7868194580078
y_hat_train,Sulfate,0,180.8065643310547
y_hat_train,Sulfate,0,164.50323486328125
y_hat_train,Sulfate,0,183.80276489257812
y_hat_train,Sulfate,0,170.7914276123047
y_hat_train,Sulfate,0,181.060546875
y_hat_train,Sulfate,0,157.4029998779297
y_hat_train,Sulfate,0,255.21383666992188
y_hat_train,Sulfate,0,198.8892364501953
y_hat_train,Sulfate,0,176.58395385742188
y_hat_train,Sulfate,0,176.02638244628906
y_hat_train,Sulfate,0,236.53343200683594
y_hat_train,Sulfate,0,202.85165405273438
y_hat_train,Sulfate,0,168.80804443359375
y_true_train,Sulfate,0,179.97
y_true_train,Sulfate,0,171.43
y_true_train,Sulfate,0,161.24
y_true_train,Sulfate,0,157.5
y_true_train,Sulfate,0,220.32
y_true_train,Sulfate,0,169.48
y_true_train,Sulfate,0,160.47
y_true_train,Sulfate,0,174.1
y_true_train,Sulfate,0,201.03
y_true_train,Sulfate,0,237.4
y_true_train,Sulfate,0,255.92
y_true_train,Sulfate,0,149.14
y_true_train,Sulfate,0,169.3
y_true_train,Sulfate,0,164.78
y_true_train,Sulfate,0,138.83
y_true_train,Sulfate,0,181.74
y_true_train,Sulfate,0,164.53
y_true_train,Sulfate,0,184.43
y_true_train,Sulfate,0,171.01
y_true_train,Sulfate,0,182.57
y_true_train,Sulfate,0,158.25
y_true_train,Sulfate,0,257.75
y_true_train,Sulfate,0,199.26
y_true_train,Sulfate,0,172.41
y_true_train,Sulfate,0,177.03
y_true_train,Sulfate,0,238.21
y_true_train,Sulfate,0,202.44
y_true_train,Sulfate,0,169.24
y_true_test,Sulfate,0,237.64
y_true_test,Sulfate,0,191.44
y_true_test,Sulfate,0,109.35
y_true_test,Sulfate,0,198.96
y_true_test,Sulfate,0,215.7
y_true_test,Sulfate,0,127.21
y_true_test,Sulfate,0,247.13
y_true_test,Sulfate,0,181.5
y_true_test,Sulfate,0,186.47
y_true_test,Sulfate,0,180.48
y_true_test,Sulfate,0,150.4
y_true_test,Sulfate,0,231.92
y_true_test,Sulfate,0,180.99
y_true_test,Sulfate,0,177.93
y_true_test,Sulfate,0,155.31
test_ind,Sulfate,0,30.0
test_ind,Sulfate,0,10.0
test_ind,Sulfate,0,4.0
test_ind,Sulfate,0,12.0
test_ind,Sulfate,0,41.0
test_ind,Sulfate,0,5.0
test_ind,Sulfate,0,45.0
test_ind,Sulfate,0,20.0
test_ind,Sulfate,0,51.0
test_ind,Sulfate,0,11.0
test_ind,Sulfate,0,8.0
test_ind,Sulfate,0,25.0
test_ind,Sulfate,0,15.0
test_ind,Sulfate,0,13.0
test_ind,Sulfate,0,14.0
train_ind,Sulfate,0,23.0
train_ind,Sulfate,0,24.0
train_ind,Sulfate,0,31.0
train_ind,Sulfate,0,17.0
train_ind,Sulfate,0,6.0
train_ind,Sulfate,0,35.0
train_ind,Sulfate,0,46.0
train_ind,Sulfate,0,36.0
train_ind,Sulfate,0,37.0
train_ind,Sulfate,0,50.0
train_ind,Sulfate,0,40.0
train_ind,Sulfate,0,1.0
train_ind,Sulfate,0,26.0
train_ind,Sulfate,0,27.0
train_ind,Sulfate,0,18.0
train_ind,Sulfate,0,32.0
train_ind,Sulfate,0,22.0
train_ind,Sulfate,0,48.0
train_ind,Sulfate,0,33.0
train_ind,Sulfate,0,16.0
train_ind,Sulfate,0,9.0
train_ind,Sulfate,0,42.0
train_ind,Sulfate,0,34.0
train_ind,Sulfate,0,43.0
train_ind,Sulfate,0,49.0
train_ind,Sulfate,0,21.0
train_ind,Sulfate,0,19.0
train_ind,Sulfate,0,56.0
test_rsq,Sulfate,0,-0.43653983953495357
train_rsq,Sulfate,0,0.9983908273101508
test_rmse,Sulfate,0,45.115422925479976
train_rmse,Sulfate,0,1.2291779620002916
y_hat_test,Boron,0,0.5385292768478394
y_hat_test,Boron,0,0.3460485637187958
y_hat_test,Boron,0,0.37948378920555115
y_hat_test,Boron,0,0.46056628227233887
y_hat_test,Boron,0,0.4009237289428711
y_hat_test,Boron,0,0.3155505657196045
y_hat_test,Boron,0,0.5393286943435669
y_hat_test,Boron,0,0.41795510053634644
y_hat_test,Boron,0,0.3119352459907532
y_hat_test,Boron,0,0.3233627676963806
y_hat_test,Boron,0,0.31551650166511536
y_hat_test,Boron,0,0.35716429352760315
y_hat_test,Boron,0,0.5448673963546753
y_hat_test,Boron,0,0.33451396226882935
y_hat_test,Boron,0,0.39190584421157837
y_hat_train,Boron,0,0.3592180013656616
y_hat_train,Boron,0,0.3575807213783264
y_hat_train,Boron,0,0.26052433252334595
y_hat_train,Boron,0,0.3389362096786499
y_hat_train,Boron,0,0.362232506275177
y_hat_train,Boron,0,0.3193943500518799
y_hat_train,Boron,0,0.3124123811721802
y_hat_train,Boron,0,0.8057113885879517
y_hat_train,Boron,0,0.3915652334690094
y_hat_train,Boron,0,0.44663006067276
y_hat_train,Boron,0,0.4418780207633972
y_hat_train,Boron,0,0.3126158118247986
y_hat_train,Boron,0,0.3614048361778259
y_hat_train,Boron,0,0.3277863562107086
y_hat_train,Boron,0,0.3475067615509033
y_hat_train,Boron,0,0.315012663602829
y_hat_train,Boron,0,0.3604474663734436
y_hat_train,Boron,0,0.2910207211971283
y_hat_train,Boron,0,0.2956652045249939
y_hat_train,Boron,0,0.36904698610305786
y_hat_train,Boron,0,0.34237951040267944
y_hat_train,Boron,0,0.4491928219795227
y_hat_train,Boron,0,0.33662107586860657
y_hat_train,Boron,0,0.3463568687438965
y_hat_train,Boron,0,0.30899640917778015
y_hat_train,Boron,0,0.45110929012298584
y_hat_train,Boron,0,0.47313469648361206
y_hat_train,Boron,0,0.3617822527885437
y_true_train,Boron,0,0.35
y_true_train,Boron,0,0.35
y_true_train,Boron,0,0.22
y_true_train,Boron,0,0.32
y_true_train,Boron,0,0.35
y_true_train,Boron,0,0.31
y_true_train,Boron,0,0.32
y_true_train,Boron,0,0.85
y_true_train,Boron,0,0.37
y_true_train,Boron,0,0.45
y_true_train,Boron,0,0.44
y_true_train,Boron,0,0.3
y_true_train,Boron,0,0.36
y_true_train,Boron,0,0.33
y_true_train,Boron,0,0.34
y_true_train,Boron,0,0.3
y_true_train,Boron,0,0.34
y_true_train,Boron,0,0.29
y_true_train,Boron,0,0.28
y_true_train,Boron,0,0.37
y_true_train,Boron,0,0.33
y_true_train,Boron,0,0.47
y_true_train,Boron,0,0.33
y_true_train,Boron,0,0.33
y_true_train,Boron,0,0.27
y_true_train,Boron,0,0.45
y_true_train,Boron,0,0.47
y_true_train,Boron,0,0.36
y_true_test,Boron,0,0.33
y_true_test,Boron,0,0.38
y_true_test,Boron,0,0.22
y_true_test,Boron,0,0.36
y_true_test,Boron,0,0.4
y_true_test,Boron,0,0.26
y_true_test,Boron,0,0.47
y_true_test,Boron,0,0.37
y_true_test,Boron,0,0.36
y_true_test,Boron,0,0.33
y_true_test,Boron,0,0.32
y_true_test,Boron,0,0.47
y_true_test,Boron,0,0.37
y_true_test,Boron,0,0.33
y_true_test,Boron,0,0.32
test_ind,Boron,0,30.0
test_ind,Boron,0,10.0
test_ind,Boron,0,4.0
test_ind,Boron,0,12.0
test_ind,Boron,0,41.0
test_ind,Boron,0,5.0
test_ind,Boron,0,45.0
test_ind,Boron,0,20.0
test_ind,Boron,0,51.0
test_ind,Boron,0,11.0
test_ind,Boron,0,8.0
test_ind,Boron,0,25.0
test_ind,Boron,0,15.0
test_ind,Boron,0,13.0
test_ind,Boron,0,14.0
train_ind,Boron,0,23.0
train_ind,Boron,0,24.0
train_ind,Boron,0,31.0
train_ind,Boron,0,17.0
train_ind,Boron,0,6.0
train_ind,Boron,0,35.0
train_ind,Boron,0,46.0
train_ind,Boron,0,36.0
train_ind,Boron,0,37.0
train_ind,Boron,0,50.0
train_ind,Boron,0,40.0
train_ind,Boron,0,1.0
train_ind,Boron,0,26.0
train_ind,Boron,0,27.0
train_ind,Boron,0,18.0
train_ind,Boron,0,32.0
train_ind,Boron,0,22.0
train_ind,Boron,0,48.0
train_ind,Boron,0,33.0
train_ind,Boron,0,16.0
train_ind,Boron,0,9.0
train_ind,Boron,0,42.0
train_ind,Boron,0,34.0
train_ind,Boron,0,43.0
train_ind,Boron,0,49.0
train_ind,Boron,0,21.0
train_ind,Boron,0,19.0
train_ind,Boron,0,56.0
test_rsq,Boron,0,-1.3121082180736932
train_rsq,Boron,0,0.9754109827040145
test_rmse,Boron,0,0.09704102159036163
train_rmse,Boron,0,0.01734715483676954
y_hat_test,Zinc,0,0.21399451792240143
y_hat_test,Zinc,0,0.19871535897254944
y_hat_test,Zinc,0,0.08641190081834793
y_hat_test,Zinc,0,0.2848217189311981
y_hat_test,Zinc,0,0.36493462324142456
y_hat_test,Zinc,0,0.04986952245235443
y_hat_test,Zinc,0,0.33784019947052
y_hat_test,Zinc,0,0.23623666167259216
y_hat_test,Zinc,0,0.18877652287483215
y_hat_test,Zinc,0,0.24013125896453857
y_hat_test,Zinc,0,0.12026132643222809
y_hat_test,Zinc,0,0.25899186730384827
y_hat_test,Zinc,0,0.16550880670547485
y_hat_test,Zinc,0,0.2559206485748291
y_hat_test,Zinc,0,0.12411633133888245
y_hat_train,Zinc,0,0.26878002285957336
y_hat_train,Zinc,0,0.23284025490283966
y_hat_train,Zinc,0,0.2665354013442993
y_hat_train,Zinc,0,0.26802879571914673
y_hat_train,Zinc,0,0.03205084055662155
y_hat_train,Zinc,0,0.2530776560306549
y_hat_train,Zinc,0,0.22084714472293854
y_hat_train,Zinc,0,0.2757071852684021
y_hat_train,Zinc,0,0.3047001361846924
y_hat_train,Zinc,0,0.3468884229660034
y_hat_train,Zinc,0,0.09231085330247879
y_hat_train,Zinc,0,0.0644826665520668
y_hat_train,Zinc,0,0.251863569021225
y_hat_train,Zinc,0,0.2548850178718567
y_hat_train,Zinc,0,0.23365291953086853
y_hat_train,Zinc,0,0.2655702829360962
y_hat_train,Zinc,0,0.05550141632556915
y_hat_train,Zinc,0,0.2319948375225067
y_hat_train,Zinc,0,0.2695537507534027
y_hat_train,Zinc,0,0.30151796340942383
y_hat_train,Zinc,0,0.08120592683553696
y_hat_train,Zinc,0,0.37102389335632324
y_hat_train,Zinc,0,0.29669368267059326
y_hat_train,Zinc,0,0.26029592752456665
y_hat_train,Zinc,0,0.19268670678138733
y_hat_train,Zinc,0,0.07750032097101212
y_hat_train,Zinc,0,0.2944713830947876
y_hat_train,Zinc,0,0.2522406280040741
y_true_train,Zinc,0,0.26
y_true_train,Zinc,0,0.23
y_true_train,Zinc,0,0.26
y_true_train,Zinc,0,0.27
y_true_train,Zinc,0,0.01
y_true_train,Zinc,0,0.25
y_true_train,Zinc,0,0.22
y_true_train,Zinc,0,0.28
y_true_train,Zinc,0,0.3
y_true_train,Zinc,0,0.36
y_true_train,Zinc,0,0.08
y_true_train,Zinc,0,0.06
y_true_train,Zinc,0,0.25
y_true_train,Zinc,0,0.26
y_true_train,Zinc,0,0.23
y_true_train,Zinc,0,0.27
y_true_train,Zinc,0,0.01
y_true_train,Zinc,0,0.22
y_true_train,Zinc,0,0.26
y_true_train,Zinc,0,0.31
y_true_train,Zinc,0,0.05
y_true_train,Zinc,0,0.39
y_true_train,Zinc,0,0.29
y_true_train,Zinc,0,0.25
y_true_train,Zinc,0,0.19
y_true_train,Zinc,0,0.06
y_true_train,Zinc,0,0.31
y_true_train,Zinc,0,0.25
y_true_test,Zinc,0,0.31
y_true_test,Zinc,0,0.32
y_true_test,Zinc,0,0.01
y_true_test,Zinc,0,0.54
y_true_test,Zinc,0,0.72
y_true_test,Zinc,0,0.01
y_true_test,Zinc,0,0.76
y_true_test,Zinc,0,0.24
y_true_test,Zinc,0,0.3
y_true_test,Zinc,0,0.25
y_true_test,Zinc,0,0.26
y_true_test,Zinc,0,0.3
y_true_test,Zinc,0,0.33
y_true_test,Zinc,0,0.31
y_true_test,Zinc,0,0.29
test_ind,Zinc,0,30.0
test_ind,Zinc,0,10.0
test_ind,Zinc,0,4.0
test_ind,Zinc,0,12.0
test_ind,Zinc,0,41.0
test_ind,Zinc,0,5.0
test_ind,Zinc,0,45.0
test_ind,Zinc,0,20.0
test_ind,Zinc,0,51.0
test_ind,Zinc,0,11.0
test_ind,Zinc,0,8.0
test_ind,Zinc,0,25.0
test_ind,Zinc,0,15.0
test_ind,Zinc,0,13.0
test_ind,Zinc,0,14.0
train_ind,Zinc,0,23.0
train_ind,Zinc,0,24.0
train_ind,Zinc,0,31.0
train_ind,Zinc,0,17.0
train_ind,Zinc,0,6.0
train_ind,Zinc,0,35.0
train_ind,Zinc,0,46.0
train_ind,Zinc,0,36.0
train_ind,Zinc,0,37.0
train_ind,Zinc,0,50.0
train_ind,Zinc,0,40.0
train_ind,Zinc,0,1.0
train_ind,Zinc,0,26.0
train_ind,Zinc,0,27.0
train_ind,Zinc,0,18.0
train_ind,Zinc,0,32.0
train_ind,Zinc,0,22.0
train_ind,Zinc,0,48.0
train_ind,Zinc,0,33.0
train_ind,Zinc,0,16.0
train_ind,Zinc,0,9.0
train_ind,Zinc,0,42.0
train_ind,Zinc,0,34.0
train_ind,Zinc,0,43.0
train_ind,Zinc,0,49.0
train_ind,Zinc,0,21.0
train_ind,Zinc,0,19.0
train_ind,Zinc,0,56.0
test_rsq,Zinc,0,0.1929925374878697
train_rsq,Zinc,0,0.9806171660757131
test_rmse,Zinc,0,0.1810988218528574
train_rmse,Zinc,0,0.014011085921130281
y_hat_test,Manganese,0,0.05969788134098053
y_hat_test,Manganese,0,0.25163722038269043
y_hat_test,Manganese,0,0.23309972882270813
y_hat_test,Manganese,0,0.3072471618652344
y_hat_test,Manganese,0,0.1342146396636963
y_hat_test,Manganese,0,0.34519922733306885
y_hat_test,Manganese,0,0.12057165801525116
y_hat_test,Manganese,0,0.26019009947776794
y_hat_test,Manganese,0,0.22081297636032104
y_hat_test,Manganese,0,0.15690769255161285
y_hat_test,Manganese,0,0.3263082504272461
y_hat_test,Manganese,0,0.28528204560279846
y_hat_test,Manganese,0,0.2750628590583801
y_hat_test,Manganese,0,0.10896363854408264
y_hat_test,Manganese,0,0.3412429988384247
y_hat_train,Manganese,0,0.2338666021823883
y_hat_train,Manganese,0,0.07005968689918518
y_hat_train,Manganese,0,0.04947149008512497
y_hat_train,Manganese,0,0.30829277634620667
y_hat_train,Manganese,0,0.1265435814857483
y_hat_train,Manganese,0,0.5545352697372437
y_hat_train,Manganese,0,0.4877779185771942
y_hat_train,Manganese,0,0.35436296463012695
y_hat_train,Manganese,0,0.3568919897079468
y_hat_train,Manganese,0,0.009027957916259766
y_hat_train,Manganese,0,0.25956520438194275
y_hat_train,Manganese,0,0.2866533696651459
y_hat_train,Manganese,0,0.5110571384429932
y_hat_train,Manganese,0,0.02640266716480255
y_hat_train,Manganese,0,0.14717721939086914
y_hat_train,Manganese,0,0.4587900936603546
y_hat_train,Manganese,0,0.05902669578790665
y_hat_train,Manganese,0,0.03143841028213501
y_hat_train,Manganese,0,0.026852145791053772
y_hat_train,Manganese,0,0.029048174619674683
y_hat_train,Manganese,0,0.27229368686676025
y_hat_train,Manganese,0,0.030360445380210876
y_hat_train,Manganese,0,0.4816586375236511
y_hat_train,Manganese,0,0.2775931656360626
y_hat_train,Manganese,0,0.48581984639167786
y_hat_train,Manganese,0,0.12208876013755798
y_hat_train,Manganese,0,0.37625932693481445
y_hat_train,Manganese,0,0.19110488891601562
y_true_train,Manganese,0,0.26
y_true_train,Manganese,0,0.07
y_true_train,Manganese,0,0.05
y_true_train,Manganese,0,0.34
y_true_train,Manganese,0,0.13
y_true_train,Manganese,0,0.59
y_true_train,Manganese,0,0.52
y_true_train,Manganese,0,0.37
y_true_train,Manganese,0,0.38
y_true_train,Manganese,0,0.02
y_true_train,Manganese,0,0.28
y_true_train,Manganese,0,0.31
y_true_train,Manganese,0,0.56
y_true_train,Manganese,0,0.01
y_true_train,Manganese,0,0.16
y_true_train,Manganese,0,0.5
y_true_train,Manganese,0,0.06
y_true_train,Manganese,0,0.01
y_true_train,Manganese,0,0.01
y_true_train,Manganese,0,0.01
y_true_train,Manganese,0,0.29
y_true_train,Manganese,0,0.04
y_true_train,Manganese,0,0.51
y_true_train,Manganese,0,0.29
y_true_train,Manganese,0,0.53
y_true_train,Manganese,0,0.13
y_true_train,Manganese,0,0.4
y_true_train,Manganese,0,0.21
y_true_test,Manganese,0,0.05
y_true_test,Manganese,0,0.19
y_true_test,Manganese,0,0.2
y_true_test,Manganese,0,0.36
y_true_test,Manganese,0,0.41
y_true_test,Manganese,0,0.38
y_true_test,Manganese,0,0.12
y_true_test,Manganese,0,0.18
y_true_test,Manganese,0,0.65
y_true_test,Manganese,0,0.36
y_true_test,Manganese,0,0.38
y_true_test,Manganese,0,0.08
y_true_test,Manganese,0,0.38
y_true_test,Manganese,0,0.11
y_true_test,Manganese,0,0.59
test_ind,Manganese,0,30.0
test_ind,Manganese,0,10.0
test_ind,Manganese,0,4.0
test_ind,Manganese,0,12.0
test_ind,Manganese,0,41.0
test_ind,Manganese,0,5.0
test_ind,Manganese,0,45.0
test_ind,Manganese,0,20.0
test_ind,Manganese,0,51.0
test_ind,Manganese,0,11.0
test_ind,Manganese,0,8.0
test_ind,Manganese,0,25.0
test_ind,Manganese,0,15.0
test_ind,Manganese,0,13.0
test_ind,Manganese,0,14.0
train_ind,Manganese,0,23.0
train_ind,Manganese,0,24.0
train_ind,Manganese,0,31.0
train_ind,Manganese,0,17.0
train_ind,Manganese,0,6.0
train_ind,Manganese,0,35.0
train_ind,Manganese,0,46.0
train_ind,Manganese,0,36.0
train_ind,Manganese,0,37.0
train_ind,Manganese,0,50.0
train_ind,Manganese,0,40.0
train_ind,Manganese,0,1.0
train_ind,Manganese,0,26.0
train_ind,Manganese,0,27.0
train_ind,Manganese,0,18.0
train_ind,Manganese,0,32.0
train_ind,Manganese,0,22.0
train_ind,Manganese,0,48.0
train_ind,Manganese,0,33.0
train_ind,Manganese,0,16.0
train_ind,Manganese,0,9.0
train_ind,Manganese,0,42.0
train_ind,Manganese,0,34.0
train_ind,Manganese,0,43.0
train_ind,Manganese,0,49.0
train_ind,Manganese,0,21.0
train_ind,Manganese,0,19.0
train_ind,Manganese,0,56.0
test_rsq,Manganese,0,0.056264607463719196
train_rsq,Manganese,0,0.9847742308019416
test_rmse,Manganese,0,0.1702616651833322
train_rmse,Manganese,0,0.023748156145171073
y_hat_test,Iron,0,2.408517837524414
y_hat_test,Iron,0,2.0414552688598633
y_hat_test,Iron,0,2.33784556388855
y_hat_test,Iron,0,1.977838397026062
y_hat_test,Iron,0,2.7579565048217773
y_hat_test,Iron,0,2.1263911724090576
y_hat_test,Iron,0,2.625858783721924
y_hat_test,Iron,0,2.071927309036255
y_hat_test,Iron,0,1.9483517408370972
y_hat_test,Iron,0,1.897082805633545
y_hat_test,Iron,0,1.6290509700775146
y_hat_test,Iron,0,2.2252554893493652
y_hat_test,Iron,0,2.4847781658172607
y_hat_test,Iron,0,2.19960355758667
y_hat_test,Iron,0,2.4900856018066406
y_hat_train,Iron,0,2.2128796577453613
y_hat_train,Iron,0,2.070413589477539
y_hat_train,Iron,0,2.0180320739746094
y_hat_train,Iron,0,1.7248071432113647
y_hat_train,Iron,0,2.341858148574829
y_hat_train,Iron,0,2.1573314666748047
y_hat_train,Iron,0,2.055023193359375
y_hat_train,Iron,0,2.1066534519195557
y_hat_train,Iron,0,2.4446840286254883
y_hat_train,Iron,0,2.4252853393554688
y_hat_train,Iron,0,3.062086820602417
y_hat_train,Iron,0,1.7505677938461304
y_hat_train,Iron,0,2.2165744304656982
y_hat_train,Iron,0,1.9961274862289429
y_hat_train,Iron,0,1.8276382684707642
y_hat_train,Iron,0,2.144361972808838
y_hat_train,Iron,0,2.2131237983703613
y_hat_train,Iron,0,2.2063441276550293
y_hat_train,Iron,0,2.582298994064331
y_hat_train,Iron,0,1.6983790397644043
y_hat_train,Iron,0,1.4819509983062744
y_hat_train,Iron,0,2.9707717895507812
y_hat_train,Iron,0,2.4779574871063232
y_hat_train,Iron,0,1.9350290298461914
y_hat_train,Iron,0,2.3013925552368164
y_hat_train,Iron,0,2.776770830154419
y_hat_train,Iron,0,2.204932451248169
y_hat_train,Iron,0,2.1431312561035156
y_true_train,Iron,0,2.18
y_true_train,Iron,0,2.05
y_true_train,Iron,0,2.0
y_true_train,Iron,0,1.69
y_true_train,Iron,0,2.32
y_true_train,Iron,0,2.14
y_true_train,Iron,0,2.04
y_true_train,Iron,0,2.08
y_true_train,Iron,0,2.44
y_true_train,Iron,0,2.41
y_true_train,Iron,0,3.04
y_true_train,Iron,0,1.72
y_true_train,Iron,0,2.2
y_true_train,Iron,0,1.97
y_true_train,Iron,0,1.81
y_true_train,Iron,0,2.12
y_true_train,Iron,0,2.19
y_true_train,Iron,0,2.17
y_true_train,Iron,0,2.56
y_true_train,Iron,0,1.65
y_true_train,Iron,0,1.43
y_true_train,Iron,0,2.97
y_true_train,Iron,0,2.46
y_true_train,Iron,0,1.9
y_true_train,Iron,0,2.27
y_true_train,Iron,0,2.78
y_true_train,Iron,0,2.19
y_true_train,Iron,0,2.12
y_true_test,Iron,0,2.8
y_true_test,Iron,0,1.62
y_true_test,Iron,0,1.77
y_true_test,Iron,0,1.97
y_true_test,Iron,0,2.43
y_true_test,Iron,0,1.96
y_true_test,Iron,0,2.96
y_true_test,Iron,0,2.19
y_true_test,Iron,0,2.2
y_true_test,Iron,0,1.56
y_true_test,Iron,0,1.56
y_true_test,Iron,0,3.01
y_true_test,Iron,0,1.62
y_true_test,Iron,0,1.65
y_true_test,Iron,0,1.81
test_ind,Iron,0,30.0
test_ind,Iron,0,10.0
test_ind,Iron,0,4.0
test_ind,Iron,0,12.0
test_ind,Iron,0,41.0
test_ind,Iron,0,5.0
test_ind,Iron,0,45.0
test_ind,Iron,0,20.0
test_ind,Iron,0,51.0
test_ind,Iron,0,11.0
test_ind,Iron,0,8.0
test_ind,Iron,0,25.0
test_ind,Iron,0,15.0
test_ind,Iron,0,13.0
test_ind,Iron,0,14.0
train_ind,Iron,0,23.0
train_ind,Iron,0,24.0
train_ind,Iron,0,31.0
train_ind,Iron,0,17.0
train_ind,Iron,0,6.0
train_ind,Iron,0,35.0
train_ind,Iron,0,46.0
train_ind,Iron,0,36.0
train_ind,Iron,0,37.0
train_ind,Iron,0,50.0
train_ind,Iron,0,40.0
train_ind,Iron,0,1.0
train_ind,Iron,0,26.0
train_ind,Iron,0,27.0
train_ind,Iron,0,18.0
train_ind,Iron,0,32.0
train_ind,Iron,0,22.0
train_ind,Iron,0,48.0
train_ind,Iron,0,33.0
train_ind,Iron,0,16.0
train_ind,Iron,0,9.0
train_ind,Iron,0,42.0
train_ind,Iron,0,34.0
train_ind,Iron,0,43.0
train_ind,Iron,0,49.0
train_ind,Iron,0,21.0
train_ind,Iron,0,19.0
train_ind,Iron,0,56.0
test_rsq,Iron,0,0.11679542969043799
train_rsq,Iron,0,0.9949196250370924
test_rmse,Iron,0,0.46362278317537947
train_rmse,Iron,0,0.02603901824932943
y_hat_test,Copper,0,0.5335654616355896
y_hat_test,Copper,0,0.5054522156715393
y_hat_test,Copper,0,0.6092228889465332
y_hat_test,Copper,0,0.5295256972312927
y_hat_test,Copper,0,0.5433716773986816
y_hat_test,Copper,0,0.4441121816635132
y_hat_test,Copper,0,0.35762906074523926
y_hat_test,Copper,0,0.5558432340621948
y_hat_test,Copper,0,0.46680256724357605
y_hat_test,Copper,0,0.47130805253982544
y_hat_test,Copper,0,0.4030303657054901
y_hat_test,Copper,0,0.3791823983192444
y_hat_test,Copper,0,0.45204558968544006
y_hat_test,Copper,0,0.45060616731643677
y_hat_test,Copper,0,0.37011489272117615
y_hat_train,Copper,0,0.40229785442352295
y_hat_train,Copper,0,0.44290676712989807
y_hat_train,Copper,0,0.35134196281433105
y_hat_train,Copper,0,0.4442862272262573
y_hat_train,Copper,0,0.656038761138916
y_hat_train,Copper,0,0.3431661128997803
y_hat_train,Copper,0,0.3564330041408539
y_hat_train,Copper,0,0.395061731338501
y_hat_train,Copper,0,0.424010694026947
y_hat_train,Copper,0,0.7699915170669556
y_hat_train,Copper,0,0.5876096487045288
y_hat_train,Copper,0,0.4740109443664551
y_hat_train,Copper,0,0.3618519902229309
y_hat_train,Copper,0,0.33297160267829895
y_hat_train,Copper,0,0.34846362471580505
y_hat_train,Copper,0,0.37041378021240234
y_hat_train,Copper,0,0.4047200679779053
y_hat_train,Copper,0,0.3784847557544708
y_hat_train,Copper,0,0.3460721969604492
y_hat_train,Copper,0,0.6657606363296509
y_hat_train,Copper,0,0.4223647117614746
y_hat_train,Copper,0,0.5928453207015991
y_hat_train,Copper,0,0.3892897367477417
y_hat_train,Copper,0,0.5179850459098816
y_hat_train,Copper,0,0.3549008369445801
y_hat_train,Copper,0,0.601142406463623
y_hat_train,Copper,0,0.6281002163887024
y_hat_train,Copper,0,0.4334167242050171
y_true_train,Copper,0,0.42
y_true_train,Copper,0,0.46
y_true_train,Copper,0,0.35
y_true_train,Copper,0,0.44
y_true_train,Copper,0,0.67
y_true_train,Copper,0,0.34
y_true_train,Copper,0,0.36
y_true_train,Copper,0,0.39
y_true_train,Copper,0,0.43
y_true_train,Copper,0,0.79
y_true_train,Copper,0,0.6
y_true_train,Copper,0,0.48
y_true_train,Copper,0,0.36
y_true_train,Copper,0,0.31
y_true_train,Copper,0,0.35
y_true_train,Copper,0,0.36
y_true_train,Copper,0,0.41
y_true_train,Copper,0,0.38
y_true_train,Copper,0,0.35
y_true_train,Copper,0,0.71
y_true_train,Copper,0,0.43
y_true_train,Copper,0,0.61
y_true_train,Copper,0,0.41
y_true_train,Copper,0,0.53
y_true_train,Copper,0,0.36
y_true_train,Copper,0,0.62
y_true_train,Copper,0,0.65
y_true_train,Copper,0,0.44
y_true_test,Copper,0,0.54
y_true_test,Copper,0,0.64
y_true_test,Copper,0,0.51
y_true_test,Copper,0,0.58
y_true_test,Copper,0,0.51
y_true_test,Copper,0,0.35
y_true_test,Copper,0,0.61
y_true_test,Copper,0,0.46
y_true_test,Copper,0,0.52
y_true_test,Copper,0,0.53
y_true_test,Copper,0,0.39
y_true_test,Copper,0,0.59
y_true_test,Copper,0,0.69
y_true_test,Copper,0,0.62
y_true_test,Copper,0,0.44
test_ind,Copper,0,30.0
test_ind,Copper,0,10.0
test_ind,Copper,0,4.0
test_ind,Copper,0,12.0
test_ind,Copper,0,41.0
test_ind,Copper,0,5.0
test_ind,Copper,0,45.0
test_ind,Copper,0,20.0
test_ind,Copper,0,51.0
test_ind,Copper,0,11.0
test_ind,Copper,0,8.0
test_ind,Copper,0,25.0
test_ind,Copper,0,15.0
test_ind,Copper,0,13.0
test_ind,Copper,0,14.0
train_ind,Copper,0,23.0
train_ind,Copper,0,24.0
train_ind,Copper,0,31.0
train_ind,Copper,0,17.0
train_ind,Copper,0,6.0
train_ind,Copper,0,35.0
train_ind,Copper,0,46.0
train_ind,Copper,0,36.0
train_ind,Copper,0,37.0
train_ind,Copper,0,50.0
train_ind,Copper,0,40.0
train_ind,Copper,0,1.0
train_ind,Copper,0,26.0
train_ind,Copper,0,27.0
train_ind,Copper,0,18.0
train_ind,Copper,0,32.0
train_ind,Copper,0,22.0
train_ind,Copper,0,48.0
train_ind,Copper,0,33.0
train_ind,Copper,0,16.0
train_ind,Copper,0,9.0
train_ind,Copper,0,42.0
train_ind,Copper,0,34.0
train_ind,Copper,0,43.0
train_ind,Copper,0,49.0
train_ind,Copper,0,21.0
train_ind,Copper,0,19.0
train_ind,Copper,0,56.0
test_rsq,Copper,0,-1.0482469243752348
train_rsq,Copper,0,0.9869571576763035
test_rmse,Copper,0,0.13024955480010392
train_rmse,Copper,0,0.014601446051157502
y_hat_test,Molybdenum,0,0.08348067104816437
y_hat_test,Molybdenum,0,0.08348067104816437
y_hat_test,Molybdenum,0,0.08348067104816437
y_hat_test,Molybdenum,0,0.08348067104816437
y_hat_test,Molybdenum,0,0.08348067104816437
y_hat_test,Molybdenum,0,0.08348067104816437
y_hat_test,Molybdenum,0,0.08348067104816437
y_hat_test,Molybdenum,0,0.08348067104816437
y_hat_test,Molybdenum,0,0.08348067104816437
y_hat_test,Molybdenum,0,0.08348067104816437
y_hat_test,Molybdenum,0,0.08348067104816437
y_hat_test,Molybdenum,0,0.08348067104816437
y_hat_test,Molybdenum,0,0.08348067104816437
y_hat_test,Molybdenum,0,0.08348067104816437
y_hat_test,Molybdenum,0,0.08348067104816437
y_hat_train,Molybdenum,0,0.08348067104816437
y_hat_train,Molybdenum,0,0.08348067104816437
y_hat_train,Molybdenum,0,0.08348067104816437
y_hat_train,Molybdenum,0,0.08348067104816437
y_hat_train,Molybdenum,0,0.08348067104816437
y_hat_train,Molybdenum,0,0.08348067104816437
y_hat_train,Molybdenum,0,0.08348067104816437
y_hat_train,Molybdenum,0,0.08348067104816437
y_hat_train,Molybdenum,0,0.08348067104816437
y_hat_train,Molybdenum,0,0.08348067104816437
y_hat_train,Molybdenum,0,0.08348067104816437
y_hat_train,Molybdenum,0,0.08348067104816437
y_hat_train,Molybdenum,0,0.08348067104816437
y_hat_train,Molybdenum,0,0.08348067104816437
y_hat_train,Molybdenum,0,0.08348067104816437
y_hat_train,Molybdenum,0,0.08348067104816437
y_hat_train,Molybdenum,0,0.08348067104816437
y_hat_train,Molybdenum,0,0.08348067104816437
y_hat_train,Molybdenum,0,0.08348067104816437
y_hat_train,Molybdenum,0,0.08348067104816437
y_hat_train,Molybdenum,0,0.08348067104816437
y_hat_train,Molybdenum,0,0.08348067104816437
y_hat_train,Molybdenum,0,0.08348067104816437
y_hat_train,Molybdenum,0,0.08348067104816437
y_hat_train,Molybdenum,0,0.08348067104816437
y_hat_train,Molybdenum,0,0.08348067104816437
y_hat_train,Molybdenum,0,0.08348067104816437
y_hat_train,Molybdenum,0,0.08348067104816437
y_true_train,Molybdenum,0,0.07
y_true_train,Molybdenum,0,0.09
y_true_train,Molybdenum,0,0.12
y_true_train,Molybdenum,0,0.08
y_true_train,Molybdenum,0,0.1
y_true_train,Molybdenum,0,0.07
y_true_train,Molybdenum,0,0.09
y_true_train,Molybdenum,0,0.1
y_true_train,Molybdenum,0,0.12
y_true_train,Molybdenum,0,0.08
y_true_train,Molybdenum,0,0.1
y_true_train,Molybdenum,0,0.04
y_true_train,Molybdenum,0,0.06
y_true_train,Molybdenum,0,0.11
y_true_train,Molybdenum,0,0.11
y_true_train,Molybdenum,0,0.09
y_true_train,Molybdenum,0,0.1
y_true_train,Molybdenum,0,0.04
y_true_train,Molybdenum,0,0.09
y_true_train,Molybdenum,0,0.06
y_true_train,Molybdenum,0,0.08
y_true_train,Molybdenum,0,0.06
y_true_train,Molybdenum,0,0.08
y_true_train,Molybdenum,0,0.08
y_true_train,Molybdenum,0,0.07
y_true_train,Molybdenum,0,0.05
y_true_train,Molybdenum,0,0.12
y_true_train,Molybdenum,0,0.08
y_true_test,Molybdenum,0,0.06
y_true_test,Molybdenum,0,0.08
y_true_test,Molybdenum,0,0.08
y_true_test,Molybdenum,0,0.07
y_true_test,Molybdenum,0,0.1
y_true_test,Molybdenum,0,0.08
y_true_test,Molybdenum,0,0.08
y_true_test,Molybdenum,0,0.1
y_true_test,Molybdenum,0,0.09
y_true_test,Molybdenum,0,0.06
y_true_test,Molybdenum,0,0.06
y_true_test,Molybdenum,0,0.09
y_true_test,Molybdenum,0,0.09
y_true_test,Molybdenum,0,0.08
y_true_test,Molybdenum,0,0.07
test_ind,Molybdenum,0,18.0
test_ind,Molybdenum,0,12.0
test_ind,Molybdenum,0,5.0
test_ind,Molybdenum,0,26.0
test_ind,Molybdenum,0,51.0
test_ind,Molybdenum,0,32.0
test_ind,Molybdenum,0,1.0
test_ind,Molybdenum,0,55.0
test_ind,Molybdenum,0,20.0
test_ind,Molybdenum,0,13.0
test_ind,Molybdenum,0,15.0
test_ind,Molybdenum,0,19.0
test_ind,Molybdenum,0,7.0
test_ind,Molybdenum,0,27.0
test_ind,Molybdenum,0,16.0
train_ind,Molybdenum,0,23.0
train_ind,Molybdenum,0,25.0
train_ind,Molybdenum,0,30.0
train_ind,Molybdenum,0,43.0
train_ind,Molybdenum,0,39.0
train_ind,Molybdenum,0,56.0
train_ind,Molybdenum,0,52.0
train_ind,Molybdenum,0,21.0
train_ind,Molybdenum,0,40.0
train_ind,Molybdenum,0,24.0
train_ind,Molybdenum,0,41.0
train_ind,Molybdenum,0,44.0
train_ind,Molybdenum,0,17.0
train_ind,Molybdenum,0,29.0
train_ind,Molybdenum,0,54.0
train_ind,Molybdenum,0,34.0
train_ind,Molybdenum,0,48.0
train_ind,Molybdenum,0,22.0
train_ind,Molybdenum,0,35.0
train_ind,Molybdenum,0,49.0
train_ind,Molybdenum,0,53.0
train_ind,Molybdenum,0,46.0
train_ind,Molybdenum,0,36.0
train_ind,Molybdenum,0,8.0
train_ind,Molybdenum,0,10.0
train_ind,Molybdenum,0,11.0
train_ind,Molybdenum,0,42.0
train_ind,Molybdenum,0,45.0
test_rsq,Molybdenum,0,-0.10347840313351542
train_rsq,Molybdenum,0,-1.6660865775897093e-05
test_rmse,Molybdenum,0,0.013543361190748853
train_rmse,Molybdenum,0,0.022235017248252133
y_hat_test,pH,0,6.111124038696289
y_hat_test,pH,0,6.144145488739014
y_hat_test,pH,0,6.313502311706543
y_hat_test,pH,0,5.783484935760498
y_hat_test,pH,0,6.12487268447876
y_hat_test,pH,0,6.249781131744385
y_hat_test,pH,0,5.915246486663818
y_hat_test,pH,0,6.073391914367676
y_hat_test,pH,0,5.8705735206604
y_hat_test,pH,0,6.090899467468262
y_hat_test,pH,0,6.165134906768799
y_hat_test,pH,0,6.103473663330078
y_hat_test,pH,0,6.126760482788086
y_hat_test,pH,0,5.9950456619262695
y_hat_test,pH,0,6.144309997558594
y_hat_train,pH,0,6.043330192565918
y_hat_train,pH,0,5.926207065582275
y_hat_train,pH,0,6.203877925872803
y_hat_train,pH,0,6.074924945831299
y_hat_train,pH,0,6.550937652587891
y_hat_train,pH,0,5.860205173492432
y_hat_train,pH,0,5.9140825271606445
y_hat_train,pH,0,6.093017578125
y_hat_train,pH,0,6.185269355773926
y_hat_train,pH,0,6.1410298347473145
y_hat_train,pH,0,6.273371696472168
y_hat_train,pH,0,6.083413124084473
y_hat_train,pH,0,6.045511245727539
y_hat_train,pH,0,5.856922149658203
y_hat_train,pH,0,6.130908012390137
y_hat_train,pH,0,5.532626152038574
y_hat_train,pH,0,5.746442794799805
y_hat_train,pH,0,5.853311538696289
y_hat_train,pH,0,6.212168216705322
y_hat_train,pH,0,6.3684539794921875
y_hat_train,pH,0,5.998262405395508
y_hat_train,pH,0,6.406555652618408
y_hat_train,pH,0,5.962698459625244
y_hat_train,pH,0,5.84724235534668
y_hat_train,pH,0,5.914535999298096
y_hat_train,pH,0,6.205061435699463
y_hat_train,pH,0,6.06580924987793
y_hat_train,pH,0,6.0387115478515625
y_true_train,pH,0,6.0
y_true_train,pH,0,5.9
y_true_train,pH,0,6.2
y_true_train,pH,0,5.9
y_true_train,pH,0,6.6
y_true_train,pH,0,5.8
y_true_train,pH,0,5.9
y_true_train,pH,0,6.0
y_true_train,pH,0,6.2
y_true_train,pH,0,6.1
y_true_train,pH,0,6.2
y_true_train,pH,0,6.0
y_true_train,pH,0,6.0
y_true_train,pH,0,5.8
y_true_train,pH,0,6.1
y_true_train,pH,0,5.4
y_true_train,pH,0,5.7
y_true_train,pH,0,5.8
y_true_train,pH,0,6.2
y_true_train,pH,0,6.5
y_true_train,pH,0,6.0
y_true_train,pH,0,6.4
y_true_train,pH,0,5.9
y_true_train,pH,0,5.8
y_true_train,pH,0,5.9
y_true_train,pH,0,6.2
y_true_train,pH,0,6.1
y_true_train,pH,0,6.0
y_true_test,pH,0,7.0
y_true_test,pH,0,5.8
y_true_test,pH,0,6.2
y_true_test,pH,0,6.1
y_true_test,pH,0,6.3
y_true_test,pH,0,7.1
y_true_test,pH,0,6.3
y_true_test,pH,0,5.8
y_true_test,pH,0,6.0
y_true_test,pH,0,6.1
y_true_test,pH,0,6.4
y_true_test,pH,0,6.1
y_true_test,pH,0,6.2
y_true_test,pH,0,6.2
y_true_test,pH,0,6.1
test_ind,pH,0,30.0
test_ind,pH,0,10.0
test_ind,pH,0,4.0
test_ind,pH,0,12.0
test_ind,pH,0,41.0
test_ind,pH,0,5.0
test_ind,pH,0,45.0
test_ind,pH,0,20.0
test_ind,pH,0,51.0
test_ind,pH,0,11.0
test_ind,pH,0,8.0
test_ind,pH,0,25.0
test_ind,pH,0,15.0
test_ind,pH,0,13.0
test_ind,pH,0,14.0
train_ind,pH,0,23.0
train_ind,pH,0,24.0
train_ind,pH,0,31.0
train_ind,pH,0,17.0
train_ind,pH,0,6.0
train_ind,pH,0,35.0
train_ind,pH,0,46.0
train_ind,pH,0,36.0
train_ind,pH,0,37.0
train_ind,pH,0,50.0
train_ind,pH,0,40.0
train_ind,pH,0,1.0
train_ind,pH,0,26.0
train_ind,pH,0,27.0
train_ind,pH,0,18.0
train_ind,pH,0,32.0
train_ind,pH,0,22.0
train_ind,pH,0,48.0
train_ind,pH,0,33.0
train_ind,pH,0,16.0
train_ind,pH,0,9.0
train_ind,pH,0,42.0
train_ind,pH,0,34.0
train_ind,pH,0,43.0
train_ind,pH,0,49.0
train_ind,pH,0,21.0
train_ind,pH,0,19.0
train_ind,pH,0,56.0
test_rsq,pH,0,-0.1288686007622455
train_rsq,pH,0,0.9285287448681517
test_rmse,pH,0,0.37587787495092273
train_rmse,pH,0,0.06484139093132749
